{"type":"FeatureCollection","features":[{"type":"Feature","geometry":{"type":"Polygon","coordinates":[[[-73.9858329,40.748618],[-73.985978,40.7484223],[-73.98597,40.7483992],[-73.9858719,40.7483575],[-73.9858512,40.7483487],[-73.9856637,40.7482692],[-73.9856427,40.7482603],[-73.9855417,40.7482174],[-73.9855125,40.7482222],[-73.9853686,40.7484164],[-73.9853807,40.7484458],[-73.9854751,40.748486],[-73.9854963,40.7484949],[-73.9856839,40.7485744],[-73.9857042,40.748583],[-73.9858003,40.7486238],[-73.9858329,40.748618]]]},"properties":{"id":"empire-state","name":"","h_m":310,"min_h_m":290,"is_part":true}},{"type":"Feature","geometry":{"type":"Polygon","coordinates":[[[-73.9858433,40.7487069],[-73.9857,40.7486461],[-73.9856474,40.7486238],[-73.9856839,40.7485744],[-73.9854963,40.7484949],[-73.9854597,40.7485443],[-73.9854086,40.7485227],[-73.9852667,40.7484625],[-73.9853036,40.7484126],[-73.9854676,40.7481907],[-73.9855058,40.7481389],[-73.9856471,40.7481988],[-73.9856994,40.748221],[-73.9856637,40.7482692],[-73.9858512,40.7483487],[-73.9858869,40.7483003],[-73.9859385,40.7483222],[-73.9860824,40.7483832],[-73.9860439,40.7484354],[-73.9858799,40.7486573],[-73.9858433,40.7487069]]]},"properties":{"id":"empire-state","name":"","h_m":255,"min_h_m":115,"is_part":true}},{"type":"Feature","geometry":{"type":"Polygon","coordinates":[[[-73.9852667,40.7484625],[-73.9853036,40.7484126],[-73.98524,40.7483857],[-73.9852819,40.7483291],[-73.9853677,40.7482127],[-73.9854039,40.7481637],[-73.9854676,40.7481907],[-73.9855058,40.7481389],[-73.9856471,40.7481988],[-73.9856994,40.748221],[-73.9858869,40.7483003],[-73.9859385,40.7483222],[-73.9860824,40.7483832],[-73.9860439,40.7484354],[-73.9861063,40.7484618],[-73.9860681,40.7485136],[-73.9859424,40.7486838],[-73.9858799,40.7486573],[-73.9858433,40.7487069],[-73.9857,40.7486461],[-73.9856474,40.7486238],[-73.9854597,40.7485443],[-73.9854086,40.7485227],[-73.9852667,40.7484625]]]},"properties":{"id":"empire-state","name":"","h_m":115,"min_h_m":90,"is_part":true}},{"type":"Feature","geometry":{"type":"Polygon","coordinates":[[[-73.9858719,40.7483575],[-73.985896,40.7483248],[-73.9859247,40.748337],[-73.98605,40.74839],[-73.9860231,40.7484265],[-73.9858593,40.7486486],[-73.9858343,40.7486824],[-73.9856793,40.7486168],[-73.9857042,40.748583],[-73.9856839,40.7485744],[-73.9854963,40.7484949],[-73.9854751,40.748486],[-73.9854502,40.7485197],[-73.9854202,40.748507],[-73.9852991,40.7484557],[-73.9853244,40.7484215],[-73.9854882,40.7481994],[-73.9855148,40.7481634],[-73.9856372,40.7482152],[-73.9856671,40.7482278],[-73.9856427,40.7482603],[-73.9856637,40.7482692],[-73.9858512,40.7483487],[-73.9858719,40.7483575]]]},"properties":{"id":"empire-state","name":"","h_m":290,"min_h_m":255,"is_part":true}},{"type":"Feature","geometry":{"type":"Polygon","coordinates":[[[-73.9860386,40.7487894],[-73.985922,40.7487401],[-73.9858964,40.7487747],[-73.9856744,40.7486807],[-73.9857,40.7486461],[-73.9856474,40.7486238],[-73.9854597,40.7485443],[-73.9854086,40.7485227],[-73.9853825,40.7485581],[-73.9851607,40.7484642],[-73.9851866,40.748429],[-73.9850644,40.7483773],[-73.985303,40.7480537],[-73.985425,40.7481053],[-73.9854525,40.748068],[-73.9856743,40.7481619],[-73.9856471,40.7481988],[-73.9856994,40.748221],[-73.9858869,40.7483003],[-73.9859385,40.7483222],[-73.9859663,40.7482845],[-73.9861885,40.7483786],[-73.9861605,40.7484165],[-73.9862772,40.7484659],[-73.9860386,40.7487894]]]},"properties":{"id":"empire-state","name":"","h_m":75,"min_h_m":20,"is_part":true}},{"type":"Feature","geometry":{"type":"Polygon","coordinates":[[[-73.9851607,40.7484642],[-73.9851866,40.748429],[-73.9852655,40.7483221],[-73.9852819,40.7483291],[-73.9853677,40.7482127],[-73.985351,40.7482056],[-73.985425,40.7481053],[-73.9854525,40.748068],[-73.9856743,40.7481619],[-73.9856471,40.7481988],[-73.9856994,40.748221],[-73.9858869,40.7483003],[-73.9859385,40.7483222],[-73.9859663,40.7482845],[-73.9861885,40.7483786],[-73.9861605,40.7484165],[-73.986084,40.7485203],[-73.9860681,40.7485136],[-73.9859847,40.7486266],[-73.9860007,40.7486334],[-73.985922,40.7487401],[-73.9858964,40.7487747],[-73.9856744,40.7486807],[-73.9857,40.7486461],[-73.9856474,40.7486238],[-73.9854597,40.7485443],[-73.9854086,40.7485227],[-73.9853825,40.7485581],[-73.9851607,40.7484642]]]},"properties":{"id":"empire-state","name":"","h_m":90,"min_h_m":75,"is_part":true}},{"type":"Feature","geometry":{"type":"Polygon","coordinates":[[[-73.9858129,40.7485717],[-73.9859169,40.7484313],[-73.9859101,40.7484149],[-73.9855562,40.7482647],[-73.9855314,40.7482699],[-73.9854283,40.7484093],[-73.985435,40.7484277],[-73.9857878,40.7485774],[-73.9858129,40.7485717]]]},"properties":{"id":"empire-state","name":"","h_m":330,"min_h_m":0,"is_part":true}},{"type":"Feature","geometry":{"type":"Polygon","coordinates":[[[-73.985826,40.748609],[-73.985965,40.7484213],[-73.9859592,40.7484049],[-73.985542,40.7482278],[-73.9855193,40.7482314],[-73.9853866,40.7484105],[-73.9853989,40.7484432],[-73.9858005,40.7486137],[-73.985826,40.748609]]]},"properties":{"id":"empire-state","name":"","h_m":320,"min_h_m":0,"is_part":true}},{"type":"Feature","geometry":{"type":"Polygon","coordinates":[[[-73.9856276,40.7484443],[-73.9856169,40.748415],[-73.9856367,40.7483886],[-73.9856753,40.7483806],[-73.9857101,40.7483955],[-73.9857208,40.7484248],[-73.985701,40.7484512],[-73.9856624,40.7484592],[-73.9856276,40.7484443]]]},"properties":{"id":"empire-state","name":"","h_m":443.2,"min_h_m":330,"is_part":true}},{"type":"Feature","geometry":{"type":"Polygon","coordinates":[[[-73.9856023,40.7484593],[-73.9855851,40.748412],[-73.985617,40.7483694],[-73.9856793,40.7483565],[-73.9857354,40.7483805],[-73.9857526,40.7484278],[-73.9857207,40.7484704],[-73.9856585,40.7484833],[-73.9856023,40.7484593]]]},"properties":{"id":"empire-state","name":"","h_m":390,"min_h_m":330,"is_part":true}},{"type":"Feature","geometry":{"type":"Polygon","coordinates":[[[-73.986475,40.747653],[-73.9864171,40.7477323],[-73.9865039,40.7477694],[-73.9864491,40.7478409],[-73.986393,40.747818],[-73.9863411,40.7478923],[-73.9865453,40.7479764],[-73.9866012,40.7478996],[-73.9865631,40.7478846],[-73.9866207,40.7478079],[-73.9866565,40.7478238],[-73.9867091,40.7477518],[-73.986475,40.747653]]]},"properties":{"id":"empire-state","name":"","h_m":null,"min_h_m":0,"is_part":true}},{"type":"Feature","geometry":{"type":"Polygon","coordinates":[[[-73.9758501,40.7514887],[-73.9757433,40.7516351],[-73.9755964,40.7518367],[-73.9754899,40.7519828],[-73.9748275,40.7517045],[-73.9748782,40.7516356],[-73.9749636,40.7515704],[-73.9750878,40.7514754],[-73.9751265,40.7514464],[-73.9751761,40.7513975],[-73.9752462,40.7513278],[-73.9752683,40.751306],[-73.9752947,40.7512796],[-73.9753144,40.7512604],[-73.9754135,40.7513026],[-73.9758501,40.7514887]]]},"properties":{"id":"chrysler","name":"Chrysler Building","h_m":null,"min_h_m":0,"is_part":true}},{"type":"Feature","geometry":{"type":"Polygon","coordinates":[[[-73.9760151,40.7512666],[-73.9763572,40.7507985],[-73.9750368,40.7502405],[-73.9746948,40.7507086],[-73.9751247,40.7508908],[-73.9760151,40.7512666]]]},"properties":{"id":"chrysler","name":"Socony-Mobil Building","h_m":22,"min_h_m":0,"is_part":true}},{"type":"Feature","geometry":{"type":"Polygon","coordinates":[[[-73.9757826,40.7510076],[-73.9758805,40.7508742],[-73.9759669,40.7507564],[-73.9752996,40.7504755],[-73.9751153,40.7507268],[-73.9757826,40.7510076]]]},"properties":{"id":"chrysler","name":"","h_m":174.3,"min_h_m":0,"is_part":true}},{"type":"Feature","geometry":{"type":"Polygon","coordinates":[[[-73.9751364,40.7516971],[-73.9751541,40.7517046],[-73.9753188,40.7517742],[-73.9753345,40.7517809],[-73.9753368,40.7517776],[-73.9753441,40.7517673],[-73.975362,40.7517417],[-73.9754087,40.7517341],[-73.9754208,40.751739],[-73.9754241,40.7517402],[-73.975434,40.7517267],[-73.9754419,40.7517159],[-73.9755177,40.7516126],[-73.9755262,40.7516011],[-73.9755346,40.7515897],[-73.9755307,40.7515879],[-73.9755171,40.7515816],[-73.9755047,40.7515433],[-73.9755238,40.7515152],[-73.9755295,40.7515068],[-73.9755317,40.7515035],[-73.9755137,40.7514958],[-73.9753499,40.7514268],[-73.975335,40.7514205],[-73.9753331,40.7514234],[-73.9753256,40.7514344],[-73.9753056,40.7514638],[-73.9752555,40.7514679],[-73.9752444,40.7514629],[-73.9752408,40.7514613],[-73.9752304,40.7514756],[-73.9752229,40.7514859],[-73.9751448,40.7515923],[-73.975137,40.7516029],[-73.9751292,40.7516133],[-73.9751325,40.751615],[-73.9751443,40.7516212],[-73.9751601,40.7516585],[-73.9751442,40.7516853],[-73.9751391,40.7516931],[-73.9751364,40.7516971]]]},"properties":{"id":"chrysler","name":"","h_m":199,"min_h_m":0,"is_part":true}},{"type":"Feature","geometry":{"type":"Polygon","coordinates":[[[-73.9753255,40.7516029],[-73.9753347,40.751607],[-73.9753401,40.7515999],[-73.9753308,40.7515959],[-73.9753255,40.7516029]]]},"properties":{"id":"chrysler","name":"","h_m":319,"min_h_m":272,"is_part":true}},{"type":"Feature","geometry":{"type":"Polygon","coordinates":[[[-73.9754502,40.7518785],[-73.9749655,40.7516749],[-73.975024,40.7515949],[-73.9751149,40.7516331],[-73.9750841,40.751675],[-73.9750771,40.7516845],[-73.9750738,40.751689],[-73.9750808,40.751692],[-73.9753632,40.7518108],[-73.9753701,40.7518137],[-73.9753732,40.7518094],[-73.9753801,40.7518001],[-73.9754109,40.7517582],[-73.9755083,40.7517992],[-73.9754502,40.7518785]]]},"properties":{"id":"chrysler","name":"","h_m":80,"min_h_m":0,"is_part":true}},{"type":"Feature","geometry":{"type":"Polygon","coordinates":[[[-73.9755083,40.7517992],[-73.975537,40.7518114],[-73.9755964,40.7518367],[-73.9754899,40.7519828],[-73.9748275,40.7517045],[-73.9748782,40.7516356],[-73.9749636,40.7515704],[-73.9749953,40.7515833],[-73.975024,40.7515949],[-73.9749655,40.7516749],[-73.9754502,40.7518785],[-73.9755083,40.7517992]]]},"properties":{"id":"chrysler","name":"","h_m":50,"min_h_m":0,"is_part":true}},{"type":"Feature","geometry":{"type":"Polygon","coordinates":[[[-73.9753801,40.7518001],[-73.9753732,40.7518094],[-73.9753701,40.7518137],[-73.9753632,40.7518108],[-73.9750808,40.751692],[-73.9750738,40.751689],[-73.9750771,40.7516845],[-73.9750841,40.751675],[-73.9751364,40.7516971],[-73.9751541,40.7517046],[-73.9753188,40.7517742],[-73.9753345,40.7517809],[-73.9753801,40.7518001]]]},"properties":{"id":"chrysler","name":"","h_m":90,"min_h_m":0,"is_part":true}},{"type":"Feature","geometry":{"type":"Polygon","coordinates":[[[-73.9755822,40.7515247],[-73.9755317,40.7515035],[-73.9755137,40.7514958],[-73.9753499,40.7514268],[-73.975335,40.7514205],[-73.975286,40.7513998],[-73.9752971,40.7513846],[-73.9753011,40.7513792],[-73.9753071,40.7513817],[-73.9755899,40.7515007],[-73.9755973,40.7515038],[-73.9755939,40.7515085],[-73.9755822,40.7515247]]]},"properties":{"id":"chrysler","name":"","h_m":90,"min_h_m":0,"is_part":true}},{"type":"Feature","geometry":{"type":"Polygon","coordinates":[[[-73.9751149,40.7516331],[-73.975024,40.7515949],[-73.9749953,40.7515833],[-73.9749636,40.7515704],[-73.9750878,40.7514754],[-73.9751265,40.7514464],[-73.9751761,40.7513975],[-73.9752612,40.7514336],[-73.9752408,40.7514613],[-73.9752304,40.7514756],[-73.9752229,40.7514859],[-73.9751448,40.7515923],[-73.975137,40.7516029],[-73.9751292,40.7516133],[-73.9751149,40.7516331]]]},"properties":{"id":"chrysler","name":"","h_m":15,"min_h_m":0,"is_part":true}},{"type":"Feature","geometry":{"type":"Polygon","coordinates":[[[-73.9753848,40.7517373],[-73.9753778,40.7517345],[-73.9751594,40.7516442],[-73.975154,40.7516419],[-73.975158,40.7516364],[-73.9752757,40.7514729],[-73.9752797,40.7514673],[-73.9752864,40.7514701],[-73.9755048,40.7515603],[-73.9755105,40.7515627],[-73.9755059,40.7515691],[-73.9753882,40.7517326],[-73.9753848,40.7517373]]]},"properties":{"id":"chrysler","name":"","h_m":282,"min_h_m":0,"is_part":true}},{"type":"Feature","geometry":{"type":"Polygon","coordinates":[[[-73.975558,40.7515577],[-73.9756543,40.7515979],[-73.9756838,40.7516102],[-73.9757433,40.7516351],[-73.9755964,40.7518367],[-73.975537,40.7518114],[-73.9755083,40.7517992],[-73.9754109,40.7517582],[-73.9754241,40.7517402],[-73.975434,40.7517267],[-73.9754419,40.7517159],[-73.9755177,40.7516126],[-73.9755262,40.7516011],[-73.9755346,40.7515897],[-73.975558,40.7515577]]]},"properties":{"id":"chrysler","name":"","h_m":15,"min_h_m":0,"is_part":true}},{"type":"Feature","geometry":{"type":"Polygon","coordinates":[[[-73.9756543,40.7515979],[-73.9757118,40.7515193],[-73.9752462,40.7513278],[-73.9751761,40.7513975],[-73.9752612,40.7514336],[-73.975286,40.7513998],[-73.9752971,40.7513846],[-73.9753011,40.7513792],[-73.9753071,40.7513817],[-73.9755899,40.7515007],[-73.9755973,40.7515038],[-73.9755939,40.7515085],[-73.9755822,40.7515247],[-73.975558,40.7515577],[-73.9756543,40.7515979]]]},"properties":{"id":"chrysler","name":"","h_m":80,"min_h_m":0,"is_part":true}},{"type":"Feature","geometry":{"type":"Polygon","coordinates":[[[-73.9753548,40.7518489],[-73.9753391,40.7518084],[-73.975359,40.7518237],[-73.9753639,40.7518192],[-73.9753632,40.7518108],[-73.9753701,40.7518137],[-73.9753732,40.7518094],[-73.9753747,40.7518178],[-73.975385,40.7518219],[-73.9753916,40.7518012],[-73.9754018,40.751839],[-73.9753964,40.7518398],[-73.97539,40.7518374],[-73.975388,40.7518406],[-73.9753849,40.7518432],[-73.9753806,40.7518449],[-73.9753762,40.7518455],[-73.9753713,40.7518456],[-73.9753682,40.7518448],[-73.9753633,40.7518423],[-73.97536,40.7518477],[-73.9753548,40.7518489]]]},"properties":{"id":"chrysler","name":"","h_m":91,"min_h_m":89,"is_part":true}},{"type":"Feature","geometry":{"type":"Polygon","coordinates":[[[-73.9750286,40.7516799],[-73.975081,40.7516659],[-73.975062,40.7516818],[-73.9750681,40.7516852],[-73.9750771,40.7516845],[-73.9750738,40.751689],[-73.9750808,40.751692],[-73.9750706,40.7516933],[-73.9750657,40.7517013],[-73.9750934,40.7517052],[-73.9750441,40.751715],[-73.9750428,40.751711],[-73.9750456,40.751706],[-73.9750413,40.7517046],[-73.9750377,40.7517024],[-73.9750352,40.7516992],[-73.9750341,40.7516959],[-73.9750338,40.7516922],[-73.9750347,40.7516899],[-73.9750377,40.751686],[-73.9750304,40.7516838],[-73.9750286,40.7516799]]]},"properties":{"id":"chrysler","name":"","h_m":91,"min_h_m":89,"is_part":true}},{"type":"Feature","geometry":{"type":"Polygon","coordinates":[[[-73.9756089,40.7515111],[-73.9756028,40.7515077],[-73.9755939,40.7515085],[-73.9755973,40.7515038],[-73.9755899,40.7515007],[-73.9756003,40.7514996],[-73.9756051,40.7514916],[-73.9755775,40.7514877],[-73.9756267,40.7514779],[-73.975628,40.7514819],[-73.9756252,40.7514869],[-73.9756295,40.7514883],[-73.9756332,40.7514905],[-73.9756357,40.7514936],[-73.9756368,40.7514969],[-73.9756371,40.7515006],[-73.9756362,40.751503],[-73.9756332,40.7515068],[-73.9756405,40.751509],[-73.9756424,40.7515129],[-73.97559,40.751527],[-73.9756089,40.7515111]]]},"properties":{"id":"chrysler","name":"","h_m":91,"min_h_m":89,"is_part":true}},{"type":"Feature","geometry":{"type":"Polygon","coordinates":[[[-73.9753139,40.7513451],[-73.9753315,40.751385],[-73.9753109,40.7513704],[-73.9753063,40.751375],[-73.9753071,40.7513817],[-73.9753011,40.7513792],[-73.9752971,40.7513846],[-73.9752956,40.7513767],[-73.975285,40.7513729],[-73.9752794,40.7513937],[-73.9752673,40.7513563],[-73.9752727,40.7513554],[-73.9752792,40.7513576],[-73.9752811,40.7513543],[-73.9752841,40.7513516],[-73.9752883,40.7513498],[-73.9752926,40.751349],[-73.9752975,40.7513488],[-73.9753007,40.7513495],[-73.9753057,40.7513519],[-73.9753087,40.7513464],[-73.9753139,40.7513451]]]},"properties":{"id":"chrysler","name":"","h_m":91,"min_h_m":89,"is_part":true}},{"type":"Feature","geometry":{"type":"Polygon","coordinates":[[[-73.9751985,40.7516344],[-73.9752974,40.7514987],[-73.9754675,40.7515691],[-73.9753686,40.7517047],[-73.9751985,40.7516344]]]},"properties":{"id":"chrysler","name":"","h_m":249,"min_h_m":200,"is_part":true}},{"type":"Feature","geometry":{"type":"Polygon","coordinates":[[[-73.9753176,40.7515687],[-73.9753783,40.7515941],[-73.9753473,40.7516372],[-73.9752865,40.7516119],[-73.9753176,40.7515687]]]},"properties":{"id":"chrysler","name":"","h_m":272,"min_h_m":267,"is_part":true}},{"type":"Feature","geometry":{"type":"Polygon","coordinates":[[[-73.9752757,40.7514729],[-73.9755059,40.7515691],[-73.9753882,40.7517326],[-73.975158,40.7516364],[-73.9752757,40.7514729]]]},"properties":{"id":"chrysler","name":"","h_m":235,"min_h_m":224,"is_part":true}},{"type":"Feature","geometry":{"type":"Polygon","coordinates":[[[-73.9752869,40.7516139],[-73.9753204,40.751568],[-73.9753781,40.7515918],[-73.9753446,40.7516377],[-73.9752869,40.7516139]]]},"properties":{"id":"chrysler","name":"","h_m":272,"min_h_m":267,"is_part":true}},{"type":"Feature","geometry":{"type":"Polygon","coordinates":[[[-73.9752557,40.7516211],[-73.9753124,40.7515434],[-73.9754098,40.7515837],[-73.9753531,40.7516613],[-73.9752557,40.7516211]]]},"properties":{"id":"chrysler","name":"","h_m":262,"min_h_m":256,"is_part":true}},{"type":"Feature","geometry":{"type":"Polygon","coordinates":[[[-73.9751594,40.7516442],[-73.9752864,40.7514701],[-73.9755048,40.7515603],[-73.9753778,40.7517345],[-73.9751594,40.7516442]]]},"properties":{"id":"chrysler","name":"","h_m":235,"min_h_m":224,"is_part":true}},{"type":"Feature","geometry":{"type":"Polygon","coordinates":[[[-73.9752253,40.751629],[-73.9753046,40.7515203],[-73.9754409,40.7515767],[-73.9753616,40.7516853],[-73.9752253,40.751629]]]},"properties":{"id":"chrysler","name":"","h_m":256,"min_h_m":200,"is_part":true}},{"type":"Feature","geometry":{"type":"Polygon","coordinates":[[[-73.9753289,40.7517389],[-73.975183,40.7516783],[-73.9753376,40.7514645],[-73.9754828,40.7515247],[-73.9753289,40.7517389]]]},"properties":{"id":"chrysler","name":"","h_m":228,"min_h_m":200,"is_part":true}},{"type":"Feature","geometry":{"type":"Polygon","coordinates":[[[-73.9755422,40.7515796],[-73.9755489,40.7515791],[-73.9755563,40.7515785],[-73.9755674,40.7515777],[-73.9755679,40.7515792],[-73.9755687,40.7515822],[-73.9755691,40.7515837],[-73.975559,40.7515878],[-73.9755523,40.7515905],[-73.9755476,40.7515924],[-73.9755422,40.7515796]]]},"properties":{"id":"chrysler","name":"","h_m":200,"min_h_m":199,"is_part":true}},{"type":"Feature","geometry":{"type":"Polygon","coordinates":[[[-73.9753118,40.7515557],[-73.9753961,40.7515909],[-73.9753529,40.7516508],[-73.9752686,40.7516156],[-73.9753118,40.7515557]]]},"properties":{"id":"chrysler","name":"","h_m":267,"min_h_m":262,"is_part":true}},{"type":"Feature","geometry":{"type":"Polygon","coordinates":[[[-73.9754137,40.7517142],[-73.9755017,40.7515915],[-73.9752514,40.7514868],[-73.9751607,40.7516103],[-73.9754137,40.7517142]]]},"properties":{"id":"chrysler","name":"","h_m":229,"min_h_m":200,"is_part":true}},{"type":"Feature","geometry":{"type":"Polygon","coordinates":[[[-73.9751733,40.7516404],[-73.9752902,40.7514801],[-73.9754912,40.7515632],[-73.9753743,40.7517235],[-73.9751733,40.7516404]]]},"properties":{"id":"chrysler","name":"","h_m":242,"min_h_m":200,"is_part":true}},{"type":"Feature","geometry":{"type":"Polygon","coordinates":[[[-73.9754814,40.7515357],[-73.9753424,40.75173],[-73.9751841,40.7516639],[-73.9753245,40.7514703],[-73.9754814,40.7515357]]]},"properties":{"id":"chrysler","name":"","h_m":229,"min_h_m":200,"is_part":true}},{"type":"Feature","geometry":{"type":"Polygon","coordinates":[[[-73.9752692,40.7516184],[-73.9753157,40.7515546],[-73.9753957,40.7515877],[-73.9753492,40.7516515],[-73.9752692,40.7516184]]]},"properties":{"id":"chrysler","name":"","h_m":267,"min_h_m":262,"is_part":true}},{"type":"Feature","geometry":{"type":"Polygon","coordinates":[[[-73.9754841,40.7515138],[-73.9753506,40.7514586],[-73.9751819,40.7516927],[-73.9753154,40.7517479],[-73.9754841,40.7515138]]]},"properties":{"id":"chrysler","name":"","h_m":227,"min_h_m":200,"is_part":true}},{"type":"Feature","geometry":{"type":"Polygon","coordinates":[[[-73.9752891,40.751501],[-73.9754684,40.7515759],[-73.9753767,40.7517032],[-73.9751974,40.7516283],[-73.9752891,40.751501]]]},"properties":{"id":"chrysler","name":"","h_m":249,"min_h_m":200,"is_part":true}},{"type":"Feature","geometry":{"type":"Polygon","coordinates":[[[-73.9754277,40.7517151],[-73.9755098,40.7516021],[-73.9752371,40.7514863],[-73.9751526,40.7516013],[-73.9754277,40.7517151]]]},"properties":{"id":"chrysler","name":"","h_m":228,"min_h_m":200,"is_part":true}},{"type":"Feature","geometry":{"type":"Polygon","coordinates":[[[-73.9752979,40.7515221],[-73.9754415,40.7515822],[-73.9753681,40.7516842],[-73.9752244,40.7516241],[-73.9752979,40.7515221]]]},"properties":{"id":"chrysler","name":"","h_m":256,"min_h_m":200,"is_part":true}},{"type":"Feature","geometry":{"type":"Polygon","coordinates":[[[-73.9753076,40.7515447],[-73.9754102,40.7515876],[-73.9753578,40.7516605],[-73.9752551,40.7516176],[-73.9753076,40.7515447]]]},"properties":{"id":"chrysler","name":"","h_m":262,"min_h_m":256,"is_part":true}},{"type":"Feature","geometry":{"type":"Polygon","coordinates":[[[-73.9755177,40.7516126],[-73.9755144,40.7516112],[-73.9752273,40.7514878],[-73.9752229,40.7514859],[-73.9751448,40.7515923],[-73.975149,40.751594],[-73.9754389,40.7517147],[-73.9754419,40.7517159],[-73.9755177,40.7516126]]]},"properties":{"id":"chrysler","name":"","h_m":227,"min_h_m":200,"is_part":true}},{"type":"Feature","geometry":{"type":"Polygon","coordinates":[[[-73.9752804,40.7514828],[-73.9754922,40.7515713],[-73.9753839,40.7517217],[-73.975172,40.7516332],[-73.9752804,40.7514828]]]},"properties":{"id":"chrysler","name":"","h_m":242,"min_h_m":200,"is_part":true}},{"type":"Feature","geometry":{"type":"Polygon","coordinates":[[[-73.9751364,40.7516971],[-73.9750841,40.751675],[-73.9751149,40.7516331],[-73.9751292,40.7516133],[-73.9751325,40.751615],[-73.9751443,40.7516212],[-73.9751601,40.7516585],[-73.9751442,40.7516853],[-73.9751391,40.7516931],[-73.9751364,40.7516971]]]},"properties":{"id":"chrysler","name":"","h_m":185,"min_h_m":0,"is_part":true}},{"type":"Feature","geometry":{"type":"Polygon","coordinates":[[[-73.9752683,40.751306],[-73.9752462,40.7513278],[-73.9757118,40.7515193],[-73.9756543,40.7515979],[-73.9756838,40.7516102],[-73.9757538,40.7515116],[-73.9752683,40.751306]]]},"properties":{"id":"chrysler","name":"","h_m":70,"min_h_m":0,"is_part":true}},{"type":"Feature","geometry":{"type":"Polygon","coordinates":[[[-73.975335,40.7514205],[-73.9753331,40.7514234],[-73.9753256,40.7514344],[-73.9753056,40.7514638],[-73.9752555,40.7514679],[-73.9752444,40.7514629],[-73.9752408,40.7514613],[-73.9752612,40.7514336],[-73.975286,40.7513998],[-73.975335,40.7514205]]]},"properties":{"id":"chrysler","name":"","h_m":185,"min_h_m":0,"is_part":true}},{"type":"Feature","geometry":{"type":"Polygon","coordinates":[[[-73.9755822,40.7515247],[-73.9755317,40.7515035],[-73.9755295,40.7515068],[-73.9755238,40.7515152],[-73.9755047,40.7515433],[-73.9755171,40.7515816],[-73.9755307,40.7515879],[-73.9755346,40.7515897],[-73.975558,40.7515577],[-73.9755822,40.7515247]]]},"properties":{"id":"chrysler","name":"","h_m":185,"min_h_m":0,"is_part":true}},{"type":"Feature","geometry":{"type":"Polygon","coordinates":[[[-73.9753801,40.7518001],[-73.9754109,40.7517582],[-73.9754241,40.7517402],[-73.9754208,40.751739],[-73.9754087,40.7517341],[-73.975362,40.7517417],[-73.9753441,40.7517673],[-73.9753368,40.7517776],[-73.9753345,40.7517809],[-73.9753801,40.7518001]]]},"properties":{"id":"chrysler","name":"","h_m":185,"min_h_m":0,"is_part":true}},{"type":"Feature","geometry":{"type":"Polygon","coordinates":[[[-73.9757433,40.7516351],[-73.9756838,40.7516102],[-73.9756543,40.7515979],[-73.9757118,40.7515193],[-73.9752462,40.7513278],[-73.9752683,40.751306],[-73.9752947,40.7512796],[-73.9753144,40.7512604],[-73.9754135,40.7513026],[-73.9758501,40.7514887],[-73.9757433,40.7516351]]]},"properties":{"id":"chrysler","name":"","h_m":50,"min_h_m":0,"is_part":true}},{"type":"Feature","geometry":{"type":"Polygon","coordinates":[[[-73.975537,40.7518114],[-73.975464,40.7519132],[-73.9749241,40.7516825],[-73.9749953,40.7515833],[-73.975024,40.7515949],[-73.9749655,40.7516749],[-73.9754502,40.7518785],[-73.9755083,40.7517992],[-73.975537,40.7518114]]]},"properties":{"id":"chrysler","name":"","h_m":70,"min_h_m":0,"is_part":true}},{"type":"Feature","geometry":{"type":"Polygon","coordinates":[[[-73.9751214,40.7516231],[-73.9751147,40.7516237],[-73.9751073,40.7516242],[-73.9750962,40.7516251],[-73.9750958,40.7516236],[-73.9750949,40.7516206],[-73.9750945,40.7516191],[-73.9751046,40.751615],[-73.9751113,40.7516123],[-73.975116,40.7516103],[-73.9751214,40.7516231]]]},"properties":{"id":"chrysler","name":"","h_m":200,"min_h_m":199,"is_part":true}},{"type":"Feature","geometry":{"type":"Polygon","coordinates":[[[-73.9755387,40.7514934],[-73.9755453,40.7514927],[-73.9755527,40.7514919],[-73.9755638,40.7514908],[-73.9755643,40.7514923],[-73.9755652,40.7514953],[-73.9755657,40.7514968],[-73.9755558,40.7515011],[-73.9755493,40.751504],[-73.9755446,40.751506],[-73.9755387,40.7514934]]]},"properties":{"id":"chrysler","name":"","h_m":200,"min_h_m":199,"is_part":true}},{"type":"Feature","geometry":{"type":"Polygon","coordinates":[[[-73.9753475,40.7517864],[-73.9753484,40.7517914],[-73.9753493,40.751797],[-73.9753507,40.7518054],[-73.9753488,40.7518058],[-73.9753448,40.7518065],[-73.9753428,40.7518068],[-73.9753372,40.7517993],[-73.9753334,40.7517943],[-73.9753308,40.7517908],[-73.9753475,40.7517864]]]},"properties":{"id":"chrysler","name":"","h_m":200,"min_h_m":199,"is_part":true}},{"type":"Feature","geometry":{"type":"Polygon","coordinates":[[[-73.9752275,40.7514556],[-73.9752268,40.7514506],[-73.975226,40.7514449],[-73.9752248,40.7514365],[-73.9752268,40.7514362],[-73.9752308,40.7514355],[-73.9752327,40.7514352],[-73.9752382,40.7514428],[-73.9752418,40.7514479],[-73.9752443,40.7514514],[-73.9752275,40.7514556]]]},"properties":{"id":"chrysler","name":"","h_m":200,"min_h_m":199,"is_part":true}},{"type":"Feature","geometry":{"type":"Polygon","coordinates":[[[-73.9754374,40.7517458],[-73.9754383,40.7517508],[-73.9754392,40.7517564],[-73.9754406,40.7517648],[-73.9754387,40.7517652],[-73.9754347,40.7517659],[-73.9754327,40.7517662],[-73.9754271,40.7517587],[-73.9754233,40.7517537],[-73.9754207,40.7517502],[-73.9754374,40.7517458]]]},"properties":{"id":"chrysler","name":"","h_m":200,"min_h_m":199,"is_part":true}},{"type":"Feature","geometry":{"type":"Polygon","coordinates":[[[-73.9753214,40.751415],[-73.9753205,40.75141],[-73.9753195,40.7514045],[-73.975318,40.751396],[-73.97532,40.7513957],[-73.9753239,40.751395],[-73.9753259,40.7513946],[-73.9753316,40.7514021],[-73.9753355,40.751407],[-73.9753381,40.7514106],[-73.9753214,40.751415]]]},"properties":{"id":"chrysler","name":"","h_m":200,"min_h_m":199,"is_part":true}},{"type":"Feature","geometry":{"type":"Polygon","coordinates":[[[-73.9751288,40.7517071],[-73.9751222,40.7517078],[-73.9751148,40.7517085],[-73.9751037,40.7517095],[-73.9751032,40.751708],[-73.9751023,40.751705],[-73.9751019,40.7517035],[-73.9751118,40.7516993],[-73.9751184,40.7516964],[-73.9751231,40.7516944],[-73.9751288,40.7517071]]]},"properties":{"id":"chrysler","name":"","h_m":200,"min_h_m":199,"is_part":true}},{"type":"Feature","geometry":{"type":"Polygon","coordinates":[[[-73.9755144,40.7516112],[-73.9755288,40.7515908],[-73.9755129,40.7515835],[-73.9754996,40.751543],[-73.9755246,40.7515051],[-73.9753367,40.7514252],[-73.9753068,40.7514685],[-73.9752552,40.7514716],[-73.9752433,40.7514664],[-73.9752273,40.7514878],[-73.9752229,40.7514859],[-73.9752304,40.7514756],[-73.9752408,40.7514613],[-73.9752444,40.7514629],[-73.9752555,40.7514679],[-73.9753056,40.7514638],[-73.9753256,40.7514344],[-73.9753331,40.7514234],[-73.975335,40.7514205],[-73.9753499,40.7514268],[-73.9755137,40.7514958],[-73.9755317,40.7515035],[-73.9755295,40.7515068],[-73.9755238,40.7515152],[-73.9755047,40.7515433],[-73.9755171,40.7515816],[-73.9755307,40.7515879],[-73.9755346,40.7515897],[-73.9755262,40.7516011],[-73.9755177,40.7516126],[-73.9755144,40.7516112]]]},"properties":{"id":"chrysler","name":"","h_m":200,"min_h_m":199,"is_part":true}},{"type":"Feature","geometry":{"type":"Polygon","coordinates":[[[-73.9753188,40.7517742],[-73.9753345,40.7517809],[-73.9753368,40.7517776],[-73.9753441,40.7517673],[-73.975362,40.7517417],[-73.9754087,40.7517341],[-73.9754208,40.751739],[-73.9754241,40.7517402],[-73.975434,40.7517267],[-73.9754419,40.7517159],[-73.9754389,40.7517147],[-73.9754229,40.7517361],[-73.9754089,40.7517307],[-73.9753584,40.7517379],[-73.9753318,40.7517756],[-73.9751425,40.7516953],[-73.9751654,40.7516584],[-73.9751478,40.751619],[-73.9751347,40.7516124],[-73.975149,40.751594],[-73.9751448,40.7515923],[-73.975137,40.7516029],[-73.9751292,40.7516133],[-73.9751325,40.751615],[-73.9751443,40.7516212],[-73.9751601,40.7516585],[-73.9751442,40.7516853],[-73.9751391,40.7516931],[-73.9751364,40.7516971],[-73.9751541,40.7517046],[-73.9753188,40.7517742]]]},"properties":{"id":"chrysler","name":"","h_m":200,"min_h_m":199,"is_part":true}},{"type":"Feature","geometry":{"type":"Polygon","coordinates":[[[-73.9751023,40.751705],[-73.9750972,40.7517066],[-73.9750977,40.7517085],[-73.9751032,40.751708],[-73.9751023,40.751705]]]},"properties":{"id":"chrysler","name":"","h_m":199.9,"min_h_m":199.7,"is_part":true}},{"type":"Feature","geometry":{"type":"Polygon","coordinates":[[[-73.9753239,40.751395],[-73.9753218,40.7513911],[-73.9753193,40.7513915],[-73.97532,40.7513957],[-73.9753239,40.751395]]]},"properties":{"id":"chrysler","name":"","h_m":199.9,"min_h_m":199.7,"is_part":true}},{"type":"Feature","geometry":{"type":"Polygon","coordinates":[[[-73.9755687,40.7515822],[-73.9755739,40.7515806],[-73.9755734,40.7515788],[-73.9755679,40.7515792],[-73.9755687,40.7515822]]]},"properties":{"id":"chrysler","name":"","h_m":199.9,"min_h_m":199.7,"is_part":true}},{"type":"Feature","geometry":{"type":"Polygon","coordinates":[[[-73.9753448,40.7518065],[-73.975347,40.7518104],[-73.9753494,40.75181],[-73.9753488,40.7518058],[-73.9753448,40.7518065]]]},"properties":{"id":"chrysler","name":"","h_m":199.9,"min_h_m":199.7,"is_part":true}},{"type":"Feature","geometry":{"type":"Polygon","coordinates":[[[-73.9755652,40.7514953],[-73.9755704,40.7514936],[-73.9755698,40.7514918],[-73.9755643,40.7514923],[-73.9755652,40.7514953]]]},"properties":{"id":"chrysler","name":"","h_m":199.9,"min_h_m":199.7,"is_part":true}},{"type":"Feature","geometry":{"type":"Polygon","coordinates":[[[-73.9752308,40.7514355],[-73.9752287,40.7514316],[-73.9752262,40.7514319],[-73.9752268,40.7514362],[-73.9752308,40.7514355]]]},"properties":{"id":"chrysler","name":"","h_m":199.9,"min_h_m":199.7,"is_part":true}},{"type":"Feature","geometry":{"type":"Polygon","coordinates":[[[-73.9750949,40.7516206],[-73.9750897,40.7516221],[-73.9750902,40.751624],[-73.9750958,40.7516236],[-73.9750949,40.7516206]]]},"properties":{"id":"chrysler","name":"","h_m":199.9,"min_h_m":199.7,"is_part":true}},{"type":"Feature","geometry":{"type":"Polygon","coordinates":[[[-73.9754347,40.7517659],[-73.9754369,40.7517698],[-73.9754393,40.7517694],[-73.9754387,40.7517652],[-73.9754347,40.7517659]]]},"properties":{"id":"chrysler","name":"","h_m":199.9,"min_h_m":199.7,"is_part":true}},{"type":"Feature","geometry":{"type":"Polygon","coordinates":[[[-73.9754208,40.751739],[-73.9753786,40.7517954],[-73.9753368,40.7517776],[-73.9753345,40.7517809],[-73.9753801,40.7518001],[-73.9754241,40.7517402],[-73.9754208,40.751739]]]},"properties":{"id":"chrysler","name":"","h_m":186,"min_h_m":185,"is_part":true}},{"type":"Feature","geometry":{"type":"Polygon","coordinates":[[[-73.9754207,40.7517502],[-73.9754374,40.7517458],[-73.975434,40.7517267],[-73.9754241,40.7517402],[-73.9754208,40.751739],[-73.9754087,40.7517341],[-73.9754207,40.7517502]]]},"properties":{"id":"chrysler","name":"","h_m":200,"min_h_m":198,"is_part":true}},{"type":"Feature","geometry":{"type":"Polygon","coordinates":[[[-73.975116,40.7516103],[-73.9751214,40.7516231],[-73.9751443,40.7516212],[-73.9751325,40.751615],[-73.9751292,40.7516133],[-73.975137,40.7516029],[-73.975116,40.7516103]]]},"properties":{"id":"chrysler","name":"","h_m":200,"min_h_m":198,"is_part":true}},{"type":"Feature","geometry":{"type":"Polygon","coordinates":[[[-73.9752443,40.7514514],[-73.9752275,40.7514556],[-73.9752304,40.7514756],[-73.9752408,40.7514613],[-73.9752444,40.7514629],[-73.9752555,40.7514679],[-73.9752443,40.7514514]]]},"properties":{"id":"chrysler","name":"","h_m":200,"min_h_m":198,"is_part":true}},{"type":"Feature","geometry":{"type":"Polygon","coordinates":[[[-73.9753381,40.7514106],[-73.9753214,40.751415],[-73.9753256,40.7514344],[-73.9753331,40.7514234],[-73.975335,40.7514205],[-73.9753499,40.7514268],[-73.9753381,40.7514106]]]},"properties":{"id":"chrysler","name":"","h_m":200,"min_h_m":198,"is_part":true}},{"type":"Feature","geometry":{"type":"Polygon","coordinates":[[[-73.9751231,40.7516944],[-73.9751288,40.7517071],[-73.9751541,40.7517046],[-73.9751364,40.7516971],[-73.9751391,40.7516931],[-73.9751442,40.7516853],[-73.9751231,40.7516944]]]},"properties":{"id":"chrysler","name":"","h_m":200,"min_h_m":198,"is_part":true}},{"type":"Feature","geometry":{"type":"Polygon","coordinates":[[[-73.9755476,40.7515924],[-73.9755422,40.7515796],[-73.9755171,40.7515816],[-73.9755307,40.7515879],[-73.9755346,40.7515897],[-73.9755262,40.7516011],[-73.9755476,40.7515924]]]},"properties":{"id":"chrysler","name":"","h_m":200,"min_h_m":198,"is_part":true}},{"type":"Feature","geometry":{"type":"Polygon","coordinates":[[[-73.9753308,40.7517908],[-73.9753475,40.7517864],[-73.9753441,40.7517673],[-73.9753368,40.7517776],[-73.9753345,40.7517809],[-73.9753188,40.7517742],[-73.9753308,40.7517908]]]},"properties":{"id":"chrysler","name":"","h_m":200,"min_h_m":198,"is_part":true}},{"type":"Feature","geometry":{"type":"Polygon","coordinates":[[[-73.9755446,40.751506],[-73.9755387,40.7514934],[-73.9755137,40.7514958],[-73.9755317,40.7515035],[-73.9755295,40.7515068],[-73.9755238,40.7515152],[-73.9755446,40.751506]]]},"properties":{"id":"chrysler","name":"","h_m":200,"min_h_m":198,"is_part":true}},{"type":"Feature","geometry":{"type":"Polygon","coordinates":[[[-73.9751325,40.751615],[-73.9750912,40.7516727],[-73.9751391,40.7516931],[-73.9751364,40.7516971],[-73.9750841,40.751675],[-73.9751149,40.7516331],[-73.9751292,40.7516133],[-73.9751325,40.751615]]]},"properties":{"id":"chrysler","name":"","h_m":186,"min_h_m":185,"is_part":true}},{"type":"Feature","geometry":{"type":"Polygon","coordinates":[[[-73.9753331,40.7514234],[-73.9752875,40.7514044],[-73.9752444,40.7514629],[-73.9752408,40.7514613],[-73.9752612,40.7514336],[-73.975286,40.7513998],[-73.975335,40.7514205],[-73.9753331,40.7514234]]]},"properties":{"id":"chrysler","name":"","h_m":186,"min_h_m":185,"is_part":true}},{"type":"Feature","geometry":{"type":"Polygon","coordinates":[[[-73.9755307,40.7515879],[-73.9755757,40.7515265],[-73.9755295,40.7515068],[-73.9755317,40.7515035],[-73.9755822,40.7515247],[-73.975558,40.7515577],[-73.9755346,40.7515897],[-73.9755307,40.7515879]]]},"properties":{"id":"chrysler","name":"","h_m":186,"min_h_m":185,"is_part":true}},{"type":"Feature","geometry":{"type":"Polygon","coordinates":[[[-73.9753353,40.7517997],[-73.9753372,40.7517993],[-73.9753493,40.751797],[-73.9753513,40.7517966],[-73.9753503,40.751791],[-73.9753484,40.7517914],[-73.9753334,40.7517943],[-73.9753314,40.7517947],[-73.9753353,40.7517997]]]},"properties":{"id":"chrysler","name":"","h_m":200.2,"min_h_m":198.8,"is_part":true}},{"type":"Feature","geometry":{"type":"Polygon","coordinates":[[[-73.9751041,40.7516135],[-73.9751046,40.751615],[-73.9751073,40.7516242],[-73.9751078,40.7516257],[-73.9751152,40.7516251],[-73.9751147,40.7516237],[-73.9751113,40.7516123],[-73.9751108,40.7516107],[-73.9751041,40.7516135]]]},"properties":{"id":"chrysler","name":"","h_m":200.2,"min_h_m":198.8,"is_part":true}},{"type":"Feature","geometry":{"type":"Polygon","coordinates":[[[-73.9755563,40.7515026],[-73.9755558,40.7515011],[-73.9755527,40.7514919],[-73.9755522,40.7514905],[-73.9755448,40.7514913],[-73.9755453,40.7514927],[-73.9755493,40.751504],[-73.9755498,40.7515055],[-73.9755563,40.7515026]]]},"properties":{"id":"chrysler","name":"","h_m":200.2,"min_h_m":198.8,"is_part":true}},{"type":"Feature","geometry":{"type":"Polygon","coordinates":[[[-73.9752401,40.7514425],[-73.9752382,40.7514428],[-73.975226,40.7514449],[-73.975224,40.7514453],[-73.9752248,40.7514509],[-73.9752268,40.7514506],[-73.9752418,40.7514479],[-73.9752438,40.7514475],[-73.9752401,40.7514425]]]},"properties":{"id":"chrysler","name":"","h_m":200.2,"min_h_m":198.8,"is_part":true}},{"type":"Feature","geometry":{"type":"Polygon","coordinates":[[[-73.9755595,40.7515892],[-73.975559,40.7515878],[-73.9755563,40.7515785],[-73.9755558,40.751577],[-73.9755484,40.7515776],[-73.9755489,40.7515791],[-73.9755523,40.7515905],[-73.9755528,40.751592],[-73.9755595,40.7515892]]]},"properties":{"id":"chrysler","name":"","h_m":200.2,"min_h_m":198.8,"is_part":true}},{"type":"Feature","geometry":{"type":"Polygon","coordinates":[[[-73.9754252,40.7517591],[-73.9754271,40.7517587],[-73.9754392,40.7517564],[-73.9754412,40.751756],[-73.9754402,40.7517504],[-73.9754383,40.7517508],[-73.9754233,40.7517537],[-73.9754214,40.7517541],[-73.9754252,40.7517591]]]},"properties":{"id":"chrysler","name":"","h_m":200.2,"min_h_m":198.8,"is_part":true}},{"type":"Feature","geometry":{"type":"Polygon","coordinates":[[[-73.9751113,40.7516978],[-73.9751118,40.7516993],[-73.9751148,40.7517085],[-73.9751153,40.7517099],[-73.9751227,40.7517092],[-73.9751222,40.7517078],[-73.9751184,40.7516964],[-73.9751179,40.7516949],[-73.9751113,40.7516978]]]},"properties":{"id":"chrysler","name":"","h_m":200.2,"min_h_m":198.8,"is_part":true}},{"type":"Feature","geometry":{"type":"Polygon","coordinates":[[[-73.9753335,40.7514017],[-73.9753316,40.7514021],[-73.9753195,40.7514045],[-73.9753176,40.7514048],[-73.9753186,40.7514104],[-73.9753205,40.75141],[-73.9753355,40.751407],[-73.9753374,40.7514066],[-73.9753335,40.7514017]]]},"properties":{"id":"chrysler","name":"","h_m":200.2,"min_h_m":198.8,"is_part":true}},{"type":"Feature","geometry":{"type":"Polygon","coordinates":[[[-73.9749299,40.7524764],[-73.9750232,40.7524559],[-73.9752063,40.7522055],[-73.9751787,40.7521312],[-73.9749116,40.7520207],[-73.9748546,40.7520302],[-73.9748156,40.7520394],[-73.9747219,40.7521711],[-73.9747087,40.7521892],[-73.9746325,40.7522936],[-73.9746628,40.7523659],[-73.9749299,40.7524764]]]},"properties":{"id":"chrysler","name":"","h_m":120,"min_h_m":0,"is_part":true}},{"type":"Feature","geometry":{"type":"Polygon","coordinates":[[[-73.9751175,40.7524954],[-73.9753006,40.7522451],[-73.9752725,40.7522333],[-73.9750894,40.7524837],[-73.9751175,40.7524954]]]},"properties":{"id":"chrysler","name":"","h_m":27,"min_h_m":0,"is_part":true}},{"type":"Feature","geometry":{"type":"Polygon","coordinates":[[[-73.9747264,40.7522813],[-73.9747466,40.7523364],[-73.974916,40.7524064],[-73.9749934,40.7523918],[-73.9751202,40.7522158],[-73.9750971,40.7521552],[-73.9749277,40.7520851],[-73.9748533,40.7521054],[-73.9747264,40.7522813]]]},"properties":{"id":"chrysler","name":"","h_m":125.3,"min_h_m":120,"is_part":true}},{"type":"Feature","geometry":{"type":"Polygon","coordinates":[[[-73.974528,40.7514905],[-73.9742526,40.7513736],[-73.9745168,40.7510163],[-73.9747947,40.7511342],[-73.9747503,40.7511942],[-73.9748173,40.7512227],[-73.9747205,40.7513537],[-73.9746309,40.7514749],[-73.9745614,40.7514454],[-73.9745422,40.7514713],[-73.974528,40.7514905]]]},"properties":{"id":"chrysler","name":"","h_m":130,"min_h_m":0,"is_part":true}},{"type":"Feature","geometry":{"type":"Polygon","coordinates":[[[-73.9745168,40.7510163],[-73.9747947,40.7511342],[-73.9748309,40.7510852],[-73.974518,40.7509525],[-73.9741669,40.7514274],[-73.9744775,40.7515592],[-73.9745126,40.7515117],[-73.9747955,40.7516318],[-73.9748253,40.7515914],[-73.9745422,40.7514713],[-73.974528,40.7514905],[-73.9742526,40.7513736],[-73.9745168,40.7510163]]]},"properties":{"id":"chrysler","name":"","h_m":42,"min_h_m":0,"is_part":true}},{"type":"Feature","geometry":{"type":"Polygon","coordinates":[[[-73.9747955,40.7516318],[-73.9748253,40.7515914],[-73.9749341,40.7514443],[-73.9749714,40.7514593],[-73.9749871,40.7514378],[-73.9750878,40.7514754],[-73.9749636,40.7515704],[-73.9748782,40.7516356],[-73.9748275,40.7517045],[-73.9744775,40.7515592],[-73.9745126,40.7515117],[-73.9747955,40.7516318]]]},"properties":{"id":"chrysler","name":"","h_m":20,"min_h_m":0,"is_part":true}},{"type":"Feature","geometry":{"type":"Polygon","coordinates":[[[-73.9745422,40.7514713],[-73.9748253,40.7515914],[-73.9749341,40.7514443],[-73.9747205,40.7513537],[-73.9746309,40.7514749],[-73.9745614,40.7514454],[-73.9745422,40.7514713]]]},"properties":{"id":"chrysler","name":"","h_m":50,"min_h_m":0,"is_part":true}},{"type":"Feature","geometry":{"type":"Polygon","coordinates":[[[-73.9764156,40.7522654],[-73.9764432,40.7522276],[-73.976503,40.7521459],[-73.9765336,40.752104],[-73.9765453,40.752088],[-73.9765797,40.7520409],[-73.9761881,40.7518766],[-73.9761549,40.751922],[-73.9761431,40.7519382],[-73.9761125,40.75198],[-73.9760517,40.7520631],[-73.976024,40.7521011],[-73.9764156,40.7522654]]]},"properties":{"id":"chrysler","name":"","h_m":96.7,"min_h_m":0,"is_part":true}},{"type":"Feature","geometry":{"type":"Polygon","coordinates":[[[-73.9767757,40.7519064],[-73.9766198,40.7521197],[-73.9765658,40.752097],[-73.976612,40.7520339],[-73.9761788,40.7518522],[-73.9761338,40.7519138],[-73.9760842,40.751893],[-73.976239,40.7516812],[-73.9760795,40.7516143],[-73.9760012,40.7517214],[-73.9759667,40.7517684],[-73.9757755,40.7520302],[-73.9757566,40.752056],[-73.9757367,40.7520833],[-73.9757187,40.7521079],[-73.9758798,40.7521755],[-73.9760322,40.7519669],[-73.9760802,40.7519871],[-73.9759917,40.7521081],[-73.9764249,40.7522898],[-73.9765122,40.7521703],[-73.9765672,40.7521933],[-73.9764158,40.7524004],[-73.9765934,40.7524757],[-73.9769535,40.751981],[-73.9767757,40.7519064]]]},"properties":{"id":"chrysler","name":"","h_m":90,"min_h_m":0,"is_part":true}},{"type":"Feature","geometry":{"type":"Polygon","coordinates":[[[-73.976785,40.7519308],[-73.9766291,40.7521441],[-73.9765336,40.752104],[-73.9765453,40.752088],[-73.9765797,40.7520409],[-73.9761881,40.7518766],[-73.9761549,40.751922],[-73.9761431,40.7519382],[-73.9760519,40.7519],[-73.9762067,40.7516882],[-73.9760888,40.7516387],[-73.9757509,40.7521009],[-73.9758705,40.752151],[-73.9760229,40.7519425],[-73.9761125,40.75198],[-73.9760517,40.7520631],[-73.976024,40.7521011],[-73.9764156,40.7522654],[-73.9764432,40.7522276],[-73.976503,40.7521459],[-73.9765994,40.7521863],[-73.9764481,40.7523934],[-73.976564,40.752442],[-73.9769019,40.7519798],[-73.976785,40.7519308]]]},"properties":{"id":"chrysler","name":"","h_m":94,"min_h_m":0,"is_part":true}},{"type":"Feature","geometry":{"type":"Polygon","coordinates":[[[-73.9767757,40.7519064],[-73.9766198,40.7521197],[-73.9765658,40.752097],[-73.976612,40.7520339],[-73.9761788,40.7518522],[-73.9761338,40.7519138],[-73.9760842,40.751893],[-73.976239,40.7516812],[-73.9762661,40.7516926],[-73.9767757,40.7519064]]]},"properties":{"id":"chrysler","name":"","h_m":28,"min_h_m":0,"is_part":true}},{"type":"Feature","geometry":{"type":"Polygon","coordinates":[[[-73.9761549,40.751922],[-73.9765453,40.752088],[-73.9765336,40.752104],[-73.976503,40.7521459],[-73.9764432,40.7522276],[-73.9760517,40.7520631],[-73.9761125,40.75198],[-73.9761431,40.7519382],[-73.9761549,40.751922]]]},"properties":{"id":"chrysler","name":"","h_m":98.7,"min_h_m":0,"is_part":true}},{"type":"Feature","geometry":{"type":"Polygon","coordinates":[[[-73.9765672,40.7521933],[-73.9764158,40.7524004],[-73.9763427,40.7523697],[-73.9758798,40.7521755],[-73.9760322,40.7519669],[-73.9760802,40.7519871],[-73.9759917,40.7521081],[-73.9764249,40.7522898],[-73.9765122,40.7521703],[-73.9765672,40.7521933]]]},"properties":{"id":"chrysler","name":"","h_m":28,"min_h_m":0,"is_part":true}},{"type":"Feature","geometry":{"type":"Polygon","coordinates":[[[-73.9757826,40.7510076],[-73.9758448,40.7510338],[-73.9759795,40.7510905],[-73.9761638,40.7508393],[-73.9760291,40.7507825],[-73.9759669,40.7507564],[-73.9758805,40.7508742],[-73.9757826,40.7510076]]]},"properties":{"id":"chrysler","name":"","h_m":60,"min_h_m":0,"is_part":true}},{"type":"Feature","geometry":{"type":"Polygon","coordinates":[[[-73.9758448,40.7510338],[-73.9757813,40.7511204],[-73.9759886,40.7512076],[-73.9762796,40.7508109],[-73.9760723,40.7507236],[-73.9760291,40.7507825],[-73.9761638,40.7508393],[-73.9759795,40.7510905],[-73.9758448,40.7510338]]]},"properties":{"id":"chrysler","name":"","h_m":54,"min_h_m":0,"is_part":true}},{"type":"Feature","geometry":{"type":"Polygon","coordinates":[[[-73.9750894,40.7524837],[-73.975053,40.7524684],[-73.9752361,40.752218],[-73.9752725,40.7522333],[-73.9750894,40.7524837]]]},"properties":{"id":"chrysler","name":"","h_m":31,"min_h_m":0,"is_part":true}},{"type":"Feature","geometry":{"type":"Polygon","coordinates":[[[-73.9751979,40.7521061],[-73.9752167,40.7520801],[-73.9749124,40.7519538],[-73.9748936,40.7519798],[-73.9751979,40.7521061]]]},"properties":{"id":"chrysler","name":"","h_m":31,"min_h_m":0,"is_part":true}},{"type":"Feature","geometry":{"type":"Polygon","coordinates":[[[-73.9750232,40.7524559],[-73.9752063,40.7522055],[-73.9752361,40.752218],[-73.975053,40.7524684],[-73.9750232,40.7524559]]]},"properties":{"id":"chrysler","name":"","h_m":35,"min_h_m":0,"is_part":true}},{"type":"Feature","geometry":{"type":"Polygon","coordinates":[[[-73.9751979,40.7521061],[-73.9748936,40.7519798],[-73.9748546,40.7520302],[-73.9749116,40.7520207],[-73.9751787,40.7521312],[-73.9751979,40.7521061]]]},"properties":{"id":"chrysler","name":"","h_m":35,"min_h_m":0,"is_part":true}},{"type":"Feature","geometry":{"type":"Polygon","coordinates":[[[-73.9752361,40.752218],[-73.9752658,40.7521742],[-73.9752486,40.7521287],[-73.9751979,40.7521061],[-73.9751787,40.7521312],[-73.9752063,40.7522055],[-73.9752361,40.752218]]]},"properties":{"id":"chrysler","name":"","h_m":31,"min_h_m":0,"is_part":true}},{"type":"Feature","geometry":{"type":"Polygon","coordinates":[[[-73.9752361,40.752218],[-73.9752725,40.7522333],[-73.9753314,40.7521517],[-73.9753193,40.7521233],[-73.9752167,40.7520801],[-73.9751979,40.7521061],[-73.9752486,40.7521287],[-73.9752658,40.7521742],[-73.9752361,40.752218]]]},"properties":{"id":"chrysler","name":"","h_m":27,"min_h_m":0,"is_part":true}},{"type":"Feature","geometry":{"type":"Polygon","coordinates":[[[-73.9763885,40.7512723],[-73.976343,40.7512533],[-73.9762586,40.7513688],[-73.9766449,40.7515321],[-73.9767329,40.7514116],[-73.9767078,40.7514012],[-73.9766346,40.7514975],[-73.9765605,40.7514665],[-73.9763769,40.7513887],[-73.9762988,40.7513564],[-73.9763482,40.7512887],[-73.9763702,40.7512979],[-73.9763885,40.7512723]]]},"properties":{"id":"chrysler","name":"","h_m":54,"min_h_m":0,"is_part":true}},{"type":"Feature","geometry":{"type":"Polygon","coordinates":[[[-73.975646,40.7524233],[-73.9755959,40.7524028],[-73.9756157,40.7523747],[-73.9756837,40.7522779],[-73.9757047,40.7522481],[-73.9757565,40.7522698],[-73.9757349,40.7522998],[-73.9757211,40.7523189],[-73.9756793,40.7523769],[-73.9756664,40.7523949],[-73.975646,40.7524233]]]},"properties":{"id":"chrysler","name":"","h_m":84,"min_h_m":0,"is_part":true}},{"type":"Feature","geometry":{"type":"Polygon","coordinates":[[[-73.9756837,40.7522779],[-73.9756174,40.7522512],[-73.9755823,40.7523009],[-73.97555,40.7523472],[-73.9756157,40.7523747],[-73.9756837,40.7522779]]]},"properties":{"id":"chrysler","name":"","h_m":63,"min_h_m":0,"is_part":true}},{"type":"Feature","geometry":{"type":"Polygon","coordinates":[[[-73.9756837,40.7522779],[-73.9756174,40.7522512],[-73.9756395,40.7522207],[-73.9757047,40.7522481],[-73.9756837,40.7522779]]]},"properties":{"id":"chrysler","name":"","h_m":55,"min_h_m":0,"is_part":true}},{"type":"Feature","geometry":{"type":"Polygon","coordinates":[[[-73.9886303,40.7407603],[-73.9888409,40.7408488],[-73.988851,40.7408349],[-73.9888628,40.7408398],[-73.9889416,40.7407315],[-73.9889026,40.7407151],[-73.9889636,40.7406312],[-73.9890105,40.7406503],[-73.989048,40.7406656],[-73.9891366,40.7407031],[-73.9890037,40.7411169],[-73.9885208,40.7409118],[-73.9886303,40.7407603]]]},"properties":{"id":"flatiron","name":"Madison Green Residential Plaza","h_m":83,"min_h_m":0,"is_part":true}},{"type":"Feature","geometry":{"type":"Polygon","coordinates":[[[-73.9889606,40.7410281],[-73.9889809,40.7409578],[-73.9888816,40.7409165],[-73.9888379,40.7409731],[-73.9889606,40.7410281]]]},"properties":{"id":"flatiron","name":"","h_m":95,"min_h_m":0,"is_part":true}},{"type":"Feature","geometry":{"type":"Polygon","coordinates":[[[-73.9889971,40.7410785],[-73.9891044,40.7407139],[-73.9889795,40.7406614],[-73.9889411,40.7407099],[-73.9889795,40.7407277],[-73.988859,40.7408877],[-73.9886584,40.7407996],[-73.988573,40.7409047],[-73.9889971,40.7410785]]]},"properties":{"id":"flatiron","name":"","h_m":86.7,"min_h_m":0,"is_part":true}},{"type":"Feature","geometry":{"type":"Polygon","coordinates":[[[-73.9903961,40.7423528],[-73.9903381,40.7423285],[-73.9903263,40.7423448],[-73.9902226,40.7423012],[-73.9902072,40.7422946],[-73.9901539,40.7423656],[-73.9897523,40.7421926],[-73.9898634,40.7420445],[-73.9901855,40.7421882],[-73.9902085,40.7421607],[-73.9902988,40.7421996],[-73.9904079,40.7420461],[-73.9896546,40.7417289],[-73.9895507,40.7418714],[-73.9894392,40.7420245],[-73.9894177,40.742054],[-73.989407,40.7421094],[-73.9893822,40.7422377],[-73.9896611,40.7423537],[-73.9897202,40.7423785],[-73.9902258,40.7425871],[-73.9903961,40.7423528]]]},"properties":{"id":"flatiron","name":"","h_m":61,"min_h_m":0,"is_part":true}},{"type":"Feature","geometry":{"type":"Polygon","coordinates":[[[-73.9895586,40.7412245],[-73.9895807,40.7412306],[-73.9898221,40.7409008],[-73.9896136,40.7408134],[-73.9895586,40.7412245]]]},"properties":{"id":"flatiron","name":"","h_m":88,"min_h_m":0,"is_part":true}},{"type":"Feature","geometry":{"type":"Polygon","coordinates":[[[-73.9771159,40.7537225],[-73.9772756,40.7535044],[-73.9772224,40.7534659],[-73.9770413,40.7533345],[-73.9766192,40.7531578],[-73.9764181,40.7531173],[-73.9763378,40.7531011],[-73.9761691,40.7533322],[-73.9762267,40.7533767],[-73.9763614,40.7534835],[-73.9767961,40.7536663],[-73.9770415,40.7537111],[-73.9771159,40.7537225]]]},"properties":{"id":"grand-central","name":"","h_m":246,"min_h_m":38,"is_part":true}},{"type":"Feature","geometry":{"type":"Polygon","coordinates":[[[-73.9772512,40.7534268],[-73.9772224,40.7534659],[-73.9770415,40.7537111],[-73.9768102,40.7540247],[-73.9760013,40.7536822],[-73.9762267,40.7533767],[-73.9764181,40.7531173],[-73.9764439,40.7530822],[-73.9765265,40.7531172],[-73.976564,40.7530664],[-73.9772227,40.7533452],[-73.9771836,40.7533982],[-73.9772512,40.7534268]]]},"properties":{"id":"grand-central","name":"","h_m":38,"min_h_m":30,"is_part":true}},{"type":"Feature","geometry":{"type":"Polygon","coordinates":[[[-73.9767757,40.7519064],[-73.9766198,40.7521197],[-73.9765658,40.752097],[-73.976612,40.7520339],[-73.9761788,40.7518522],[-73.9761338,40.7519138],[-73.9760842,40.751893],[-73.976239,40.7516812],[-73.9760795,40.7516143],[-73.9760012,40.7517214],[-73.9759667,40.7517684],[-73.9757755,40.7520302],[-73.9757566,40.752056],[-73.9757367,40.7520833],[-73.9757187,40.7521079],[-73.9758798,40.7521755],[-73.9760322,40.7519669],[-73.9760802,40.7519871],[-73.9759917,40.7521081],[-73.9764249,40.7522898],[-73.9765122,40.7521703],[-73.9765672,40.7521933],[-73.9764158,40.7524004],[-73.9765934,40.7524757],[-73.9769535,40.751981],[-73.9767757,40.7519064]]]},"properties":{"id":"grand-central","name":"","h_m":90,"min_h_m":0,"is_part":true}},{"type":"Feature","geometry":{"type":"Polygon","coordinates":[[[-73.976785,40.7519308],[-73.9766291,40.7521441],[-73.9765336,40.752104],[-73.9765453,40.752088],[-73.9765797,40.7520409],[-73.9761881,40.7518766],[-73.9761549,40.751922],[-73.9761431,40.7519382],[-73.9760519,40.7519],[-73.9762067,40.7516882],[-73.9760888,40.7516387],[-73.9757509,40.7521009],[-73.9758705,40.752151],[-73.9760229,40.7519425],[-73.9761125,40.75198],[-73.9760517,40.7520631],[-73.976024,40.7521011],[-73.9764156,40.7522654],[-73.9764432,40.7522276],[-73.976503,40.7521459],[-73.9765994,40.7521863],[-73.9764481,40.7523934],[-73.976564,40.752442],[-73.9769019,40.7519798],[-73.976785,40.7519308]]]},"properties":{"id":"grand-central","name":"","h_m":94,"min_h_m":0,"is_part":true}},{"type":"Feature","geometry":{"type":"Polygon","coordinates":[[[-73.9765672,40.7521933],[-73.9764158,40.7524004],[-73.9763427,40.7523697],[-73.9758798,40.7521755],[-73.9760322,40.7519669],[-73.9760802,40.7519871],[-73.9759917,40.7521081],[-73.9764249,40.7522898],[-73.9765122,40.7521703],[-73.9765672,40.7521933]]]},"properties":{"id":"grand-central","name":"","h_m":28,"min_h_m":0,"is_part":true}},{"type":"Feature","geometry":{"type":"Polygon","coordinates":[[[-73.9762979,40.752497],[-73.9761562,40.7526943],[-73.9760222,40.7526376],[-73.9759124,40.7527884],[-73.9760473,40.7528451],[-73.9759039,40.75304],[-73.9760985,40.753123],[-73.9764968,40.7525764],[-73.9762979,40.752497]]]},"properties":{"id":"grand-central","name":"","h_m":106,"min_h_m":0,"is_part":true}},{"type":"Feature","geometry":{"type":"Polygon","coordinates":[[[-73.9761562,40.7526943],[-73.9760222,40.7526376],[-73.9759842,40.7526217],[-73.9759975,40.7526033],[-73.9760939,40.7524722],[-73.9761276,40.7524255],[-73.9762614,40.7524817],[-73.9762979,40.752497],[-73.9761562,40.7526943]]]},"properties":{"id":"grand-central","name":"","h_m":14,"min_h_m":0,"is_part":true}},{"type":"Feature","geometry":{"type":"Polygon","coordinates":[[[-73.9762804,40.7525574],[-73.9762143,40.7526487],[-73.9762825,40.752677],[-73.9763486,40.7525858],[-73.9762804,40.7525574]]]},"properties":{"id":"grand-central","name":"","h_m":112,"min_h_m":0,"is_part":true}},{"type":"Feature","geometry":{"type":"Polygon","coordinates":[[[-73.9767963,40.7541479],[-73.9768003,40.7541425],[-73.9768056,40.7541448],[-73.9771159,40.7537225],[-73.9772756,40.7535044],[-73.9773562,40.7533925],[-73.9773461,40.7533883],[-73.9773484,40.7533851],[-73.9772986,40.753364],[-73.9773447,40.7533011],[-73.9773935,40.7532342],[-73.9772638,40.7531781],[-73.9767238,40.7529507],[-73.9765768,40.7528885],[-73.9765311,40.7529509],[-73.9764809,40.7530195],[-73.9764189,40.7529932],[-73.9763378,40.7531011],[-73.9761691,40.7533322],[-73.9761122,40.7534103],[-73.9758674,40.7537466],[-73.9758747,40.7537497],[-73.9758701,40.7537559],[-73.9763351,40.7539527],[-73.9767963,40.7541479]]]},"properties":{"id":"grand-central","name":"","h_m":30,"min_h_m":0,"is_part":true}},{"type":"Feature","geometry":{"type":"Polygon","coordinates":[[[-74.0094672,40.7127424],[-74.0091912,40.7130881],[-74.0089378,40.7129673],[-74.0088281,40.712915],[-74.0091007,40.7125764],[-74.0092858,40.7126606],[-74.0094672,40.7127424]]]},"properties":{"id":"woolworth","name":"Four Seasons Private Residences New York Downtown","h_m":286,"min_h_m":0,"is_part":true}},{"type":"Feature","geometry":{"type":"Polygon","coordinates":[[[-74.0085912,40.7126345],[-74.0083025,40.7125014],[-74.0083753,40.7124107],[-74.008666,40.7125447],[-74.008765,40.7124213],[-74.0081751,40.7121492],[-74.0081083,40.7122325],[-74.0079703,40.7124043],[-74.0079034,40.7124877],[-74.0084913,40.7127589],[-74.0085912,40.7126345]]]},"properties":{"id":"woolworth","name":"Woolworth Building","h_m":120,"min_h_m":0,"is_part":true}},{"type":"Feature","geometry":{"type":"Polygon","coordinates":[[[-74.0081083,40.7122325],[-74.0079703,40.7124043],[-74.0079754,40.7124152],[-74.0079842,40.712442],[-74.0079868,40.7124496],[-74.0082119,40.7125514],[-74.0082261,40.7125494],[-74.0082587,40.712543],[-74.0082703,40.7125413],[-74.0083025,40.7125014],[-74.0083753,40.7124107],[-74.0084067,40.7123697],[-74.0084047,40.7123613],[-74.008396,40.7123345],[-74.0083931,40.7123255],[-74.0081683,40.7122236],[-74.0081549,40.7122252],[-74.0081221,40.7122305],[-74.0081083,40.7122325]]]},"properties":{"id":"woolworth","name":"","h_m":170,"min_h_m":120,"is_part":true}},{"type":"Feature","geometry":{"type":"Polygon","coordinates":[[[-74.0081838,40.7122743],[-74.0081778,40.7122973],[-74.0081459,40.7123031],[-74.0081267,40.7122863],[-74.0081325,40.7122632],[-74.0081644,40.7122573],[-74.0081838,40.7122743]]]},"properties":{"id":"woolworth","name":"","h_m":215,"min_h_m":194,"is_part":true}},{"type":"Feature","geometry":{"type":"Polygon","coordinates":[[[-74.0081549,40.7122252],[-74.0081503,40.7122383],[-74.0081321,40.7122406],[-74.0081221,40.7122305],[-74.0081267,40.7122173],[-74.0081447,40.7122149],[-74.0081549,40.7122252]]]},"properties":{"id":"woolworth","name":"","h_m":175,"min_h_m":120,"is_part":true}},{"type":"Feature","geometry":{"type":"Polygon","coordinates":[[[-74.0082539,40.7124896],[-74.0082479,40.7125126],[-74.008216,40.7125184],[-74.0081968,40.7125017],[-74.0082026,40.7124786],[-74.0082345,40.7124726],[-74.0082539,40.7124896]]]},"properties":{"id":"woolworth","name":"","h_m":215,"min_h_m":194,"is_part":true}},{"type":"Feature","geometry":{"type":"Polygon","coordinates":[[[-74.0082587,40.712543],[-74.0082548,40.7125563],[-74.0082367,40.7125591],[-74.0082261,40.7125494],[-74.00823,40.712536],[-74.0082479,40.7125331],[-74.0082587,40.712543]]]},"properties":{"id":"woolworth","name":"","h_m":175,"min_h_m":120,"is_part":true}},{"type":"Feature","geometry":{"type":"Polygon","coordinates":[[[-74.007996,40.7124319],[-74.0079842,40.712442],[-74.0079665,40.7124379],[-74.0079635,40.7124255],[-74.0079754,40.7124152],[-74.007993,40.7124192],[-74.007996,40.7124319]]]},"properties":{"id":"woolworth","name":"","h_m":175,"min_h_m":120,"is_part":true}},{"type":"Feature","geometry":{"type":"Polygon","coordinates":[[[-74.0083611,40.7123655],[-74.008342,40.712384],[-74.0083101,40.7123781],[-74.008303,40.7123566],[-74.0083221,40.712338],[-74.008354,40.7123437],[-74.0083611,40.7123655]]]},"properties":{"id":"woolworth","name":"","h_m":215,"min_h_m":194,"is_part":true}},{"type":"Feature","geometry":{"type":"Polygon","coordinates":[[[-74.0084166,40.7123511],[-74.0084047,40.7123613],[-74.0083871,40.7123572],[-74.0083841,40.7123447],[-74.008396,40.7123345],[-74.0084136,40.7123385],[-74.0084166,40.7123511]]]},"properties":{"id":"woolworth","name":"","h_m":175,"min_h_m":120,"is_part":true}},{"type":"Feature","geometry":{"type":"Polygon","coordinates":[[[-74.0080755,40.7124186],[-74.0080568,40.7124373],[-74.0080247,40.7124319],[-74.0080173,40.7124104],[-74.0080359,40.7123916],[-74.008068,40.7123969],[-74.0080755,40.7124186]]]},"properties":{"id":"woolworth","name":"","h_m":215,"min_h_m":194,"is_part":true}},{"type":"Feature","geometry":{"type":"Polygon","coordinates":[[[-74.0081701,40.7124846],[-74.0082667,40.7124661],[-74.0083176,40.7124017],[-74.0082931,40.7123284],[-74.0082103,40.7122908],[-74.008113,40.7123095],[-74.0080611,40.7123751],[-74.0080847,40.7124458],[-74.0081701,40.7124846]]]},"properties":{"id":"woolworth","name":"","h_m":237.8,"min_h_m":194,"is_part":true}},{"type":"Feature","geometry":{"type":"Polygon","coordinates":[[[-74.0082597,40.712511],[-74.0083654,40.7123772],[-74.0083511,40.7123334],[-74.0081769,40.7122545],[-74.0081201,40.7122649],[-74.0080129,40.7124002],[-74.0080271,40.7124403],[-74.0081153,40.7124809],[-74.0082026,40.7125212],[-74.0082597,40.712511]]]},"properties":{"id":"woolworth","name":"","h_m":194,"min_h_m":170,"is_part":true}},{"type":"Feature","geometry":{"type":"Polygon","coordinates":[[[-74.0088274,40.7119705],[-74.0087086,40.7121153],[-74.0084138,40.7119762],[-74.0085325,40.7118315],[-74.0088274,40.7119705]]]},"properties":{"id":"woolworth","name":"","h_m":150,"min_h_m":105,"is_part":true}},{"type":"Feature","geometry":{"type":"Polygon","coordinates":[[[-74.0088639,40.7119641],[-74.0087171,40.7121429],[-74.0083773,40.7119827],[-74.008524,40.7118039],[-74.0088639,40.7119641]]]},"properties":{"id":"woolworth","name":"","h_m":105,"min_h_m":93,"is_part":true}},{"type":"Feature","geometry":{"type":"Polygon","coordinates":[[[-74.0087841,40.711966],[-74.0086871,40.7120841],[-74.0084557,40.711975],[-74.0085527,40.7118568],[-74.0087841,40.711966]]]},"properties":{"id":"woolworth","name":"","h_m":166,"min_h_m":150,"is_part":true}},{"type":"Feature","geometry":{"type":"Polygon","coordinates":[[[-74.0089005,40.7119576],[-74.0087257,40.7121706],[-74.0083407,40.7119891],[-74.0085155,40.7117761],[-74.0089005,40.7119576]]]},"properties":{"id":"woolworth","name":"","h_m":87,"min_h_m":0,"is_part":true}},{"type":"Feature","geometry":{"type":"Polygon","coordinates":[[[-74.0088841,40.7119605],[-74.0087219,40.7121582],[-74.0083571,40.7119862],[-74.0085193,40.7117885],[-74.0088841,40.7119605]]]},"properties":{"id":"woolworth","name":"","h_m":93,"min_h_m":87,"is_part":true}},{"type":"Feature","geometry":{"type":"Polygon","coordinates":[[[-74.0081374,40.7130313],[-74.0080946,40.7130857],[-74.0080426,40.7130621],[-74.0080186,40.7130513],[-74.0080405,40.7130235],[-74.0077234,40.71288],[-74.0077443,40.7128534],[-74.0081374,40.7130313]]]},"properties":{"id":"woolworth","name":"","h_m":105,"min_h_m":0,"is_part":true}},{"type":"Feature","geometry":{"type":"Polygon","coordinates":[[[-74.0081761,40.7129822],[-74.0081374,40.7130313],[-74.0077443,40.7128534],[-74.0077234,40.71288],[-74.007613,40.7130202],[-74.0075977,40.7130396],[-74.0078075,40.7131346],[-74.0077836,40.7131649],[-74.0075282,40.7130493],[-74.0077374,40.7127837],[-74.0081761,40.7129822]]]},"properties":{"id":"woolworth","name":"","h_m":85,"min_h_m":0,"is_part":true}},{"type":"Feature","geometry":{"type":"Polygon","coordinates":[[[-74.0080426,40.7130621],[-74.0080186,40.7130513],[-74.0080405,40.7130235],[-74.0077234,40.71288],[-74.007613,40.7130202],[-74.0078228,40.7131152],[-74.0079302,40.7131638],[-74.0079495,40.7131393],[-74.0079733,40.7131501],[-74.0080426,40.7130621]]]},"properties":{"id":"woolworth","name":"","h_m":118,"min_h_m":0,"is_part":true}},{"type":"Feature","geometry":{"type":"Polygon","coordinates":[[[-74.0082185,40.7129286],[-74.0082063,40.7129439],[-74.0077288,40.7127279],[-74.0074818,40.7130415],[-74.0074711,40.7130551],[-74.0077653,40.7131882],[-74.0077548,40.7132016],[-74.00744,40.7130579],[-74.0077176,40.7127049],[-74.0077343,40.7127124],[-74.0077871,40.712736],[-74.0082185,40.7129286]]]},"properties":{"id":"woolworth","name":"","h_m":62,"min_h_m":0,"is_part":true}},{"type":"Feature","geometry":{"type":"Polygon","coordinates":[[[-74.0082063,40.7129439],[-74.0081761,40.7129822],[-74.0077374,40.7127837],[-74.0075282,40.7130493],[-74.0077836,40.7131649],[-74.0077653,40.7131882],[-74.0074711,40.7130551],[-74.0074818,40.7130415],[-74.0077288,40.7127279],[-74.0082063,40.7129439]]]},"properties":{"id":"woolworth","name":"","h_m":70,"min_h_m":0,"is_part":true}},{"type":"Feature","geometry":{"type":"Polygon","coordinates":[[[-74.0089911,40.7119937],[-74.008799,40.7122247],[-74.0083142,40.7119912],[-74.0085062,40.7117604],[-74.008554,40.7117834],[-74.0086215,40.7118159],[-74.008722,40.7118643],[-74.0089911,40.7119937]]]},"properties":{"id":"woolworth","name":"Transportation Building","h_m":75,"min_h_m":0,"is_part":true}},{"type":"Feature","geometry":{"type":"Polygon","coordinates":[[[-74.0090988,40.7122849],[-74.0090966,40.7122722],[-74.009103,40.7122643],[-74.0091775,40.7121746],[-74.0091842,40.7121672],[-74.0091987,40.7121649],[-74.0092013,40.7121755],[-74.0091952,40.7121831],[-74.0091228,40.7122739],[-74.0091165,40.7122817],[-74.0090988,40.7122849]]]},"properties":{"id":"woolworth","name":"","h_m":204,"min_h_m":202,"is_part":true}},{"type":"Feature","geometry":{"type":"Polygon","coordinates":[[[-74.0090168,40.7122457],[-74.0090149,40.712233],[-74.0090214,40.7122253],[-74.009048,40.7121925],[-74.0090591,40.7121791],[-74.0090957,40.7121354],[-74.0091022,40.7121279],[-74.0091162,40.7121255],[-74.0091197,40.7121363],[-74.0091135,40.712144],[-74.0090781,40.7121879],[-74.0090672,40.7122015],[-74.0090411,40.7122346],[-74.009035,40.7122425],[-74.0090168,40.7122457]]]},"properties":{"id":"woolworth","name":"","h_m":204,"min_h_m":202,"is_part":true}},{"type":"Feature","geometry":{"type":"Polygon","coordinates":[[[-74.0091807,40.7123241],[-74.0091781,40.7123113],[-74.0091847,40.7123037],[-74.009213,40.7122697],[-74.0092242,40.7122561],[-74.0092594,40.7122135],[-74.0092659,40.7122064],[-74.0092808,40.712204],[-74.0092832,40.7122147],[-74.0092776,40.7122223],[-74.0092431,40.712265],[-74.0092322,40.7122787],[-74.009205,40.7123134],[-74.0091988,40.7123212],[-74.0091807,40.7123241]]]},"properties":{"id":"woolworth","name":"","h_m":204,"min_h_m":202,"is_part":true}},{"type":"Feature","geometry":{"type":"Polygon","coordinates":[[[-74.0089817,40.7121503],[-74.0089884,40.7121651],[-74.0089974,40.7121697],[-74.009048,40.7121925],[-74.0090672,40.7122015],[-74.009213,40.7122697],[-74.0092322,40.7122787],[-74.0092818,40.7123023],[-74.0092918,40.7123072],[-74.0093093,40.7123071],[-74.0093034,40.7122932],[-74.0092933,40.7122886],[-74.0092431,40.712265],[-74.0092242,40.7122561],[-74.0090781,40.7121879],[-74.0090591,40.7121791],[-74.0090091,40.7121555],[-74.0089999,40.712151],[-74.0089817,40.7121503]]]},"properties":{"id":"woolworth","name":"","h_m":204,"min_h_m":202,"is_part":true}},{"type":"Feature","geometry":{"type":"Polygon","coordinates":[[[-74.009245,40.7123657],[-74.0092623,40.7123635],[-74.0093093,40.7123071],[-74.0093562,40.7122507],[-74.0093525,40.7122383],[-74.0092808,40.712204],[-74.0093003,40.7121798],[-74.0092966,40.7121674],[-74.0092357,40.7121385],[-74.0092183,40.7121406],[-74.0092146,40.7121282],[-74.0091537,40.7120993],[-74.0091362,40.7121014],[-74.0091162,40.7121255],[-74.0090456,40.7120918],[-74.0090285,40.7120939],[-74.0089817,40.7121503],[-74.0089344,40.7122066],[-74.0089383,40.7122189],[-74.0089991,40.7122479],[-74.0090168,40.7122457],[-74.0090205,40.7122581],[-74.0090813,40.7122871],[-74.0090988,40.7122849],[-74.0091025,40.7122973],[-74.0091633,40.7123263],[-74.0091807,40.7123241],[-74.0091844,40.7123365],[-74.009245,40.7123657]]]},"properties":{"id":"woolworth","name":"","h_m":195,"min_h_m":186,"is_part":true}},{"type":"Feature","geometry":{"type":"Polygon","coordinates":[[[-74.008853,40.7121674],[-74.0088567,40.7121798],[-74.0089175,40.7122088],[-74.0089344,40.7122066],[-74.0089383,40.7122189],[-74.0089991,40.7122479],[-74.0090168,40.7122457],[-74.0090205,40.7122581],[-74.0090813,40.7122871],[-74.0090988,40.7122849],[-74.0091025,40.7122973],[-74.0091633,40.7123263],[-74.0091807,40.7123241],[-74.0091844,40.7123365],[-74.009245,40.7123657],[-74.0092623,40.7123635],[-74.0092662,40.7123758],[-74.0093192,40.7124012],[-74.009327,40.7124048],[-74.0093445,40.7124026],[-74.0094383,40.7122898],[-74.0094345,40.7122775],[-74.0094236,40.7122723],[-74.0093737,40.7122485],[-74.0093562,40.7122507],[-74.0093525,40.7122383],[-74.0092808,40.712204],[-74.0093003,40.7121798],[-74.0092966,40.7121674],[-74.0092357,40.7121385],[-74.0092183,40.7121406],[-74.0092146,40.7121282],[-74.0091537,40.7120993],[-74.0091362,40.7121014],[-74.0091324,40.712089],[-74.0090716,40.7120601],[-74.0090545,40.7120623],[-74.0090508,40.7120499],[-74.0089899,40.712021],[-74.0089725,40.7120232],[-74.008853,40.7121674]]]},"properties":{"id":"woolworth","name":"","h_m":173,"min_h_m":0,"is_part":true}},{"type":"Feature","geometry":{"type":"Polygon","coordinates":[[[-74.0090672,40.7122015],[-74.0090781,40.7121879],[-74.0090591,40.7121791],[-74.009048,40.7121925],[-74.0090672,40.7122015]]]},"properties":{"id":"woolworth","name":"","h_m":205,"min_h_m":195,"is_part":true}},{"type":"Feature","geometry":{"type":"Polygon","coordinates":[[[-74.0092322,40.7122787],[-74.0092431,40.712265],[-74.0092242,40.7122561],[-74.009213,40.7122697],[-74.0092322,40.7122787]]]},"properties":{"id":"woolworth","name":"","h_m":205,"min_h_m":195,"is_part":true}},{"type":"Feature","geometry":{"type":"Polygon","coordinates":[[[-74.0091987,40.7121649],[-74.0092013,40.7121755],[-74.0091952,40.7121831],[-74.0091775,40.7121746],[-74.0091842,40.7121672],[-74.0091987,40.7121649]]]},"properties":{"id":"woolworth","name":"","h_m":204,"min_h_m":195,"is_part":true}},{"type":"Feature","geometry":{"type":"Polygon","coordinates":[[[-74.0091165,40.7122817],[-74.0090988,40.7122849],[-74.0090966,40.7122722],[-74.009103,40.7122643],[-74.0091228,40.7122739],[-74.0091165,40.7122817]]]},"properties":{"id":"woolworth","name":"","h_m":204,"min_h_m":195,"is_part":true}},{"type":"Feature","geometry":{"type":"Polygon","coordinates":[[[-74.0091197,40.7121363],[-74.0091162,40.7121255],[-74.0091022,40.7121279],[-74.0090957,40.7121354],[-74.0091135,40.712144],[-74.0091197,40.7121363]]]},"properties":{"id":"woolworth","name":"","h_m":204,"min_h_m":195,"is_part":true}},{"type":"Feature","geometry":{"type":"Polygon","coordinates":[[[-74.0090168,40.7122457],[-74.009035,40.7122425],[-74.0090411,40.7122346],[-74.0090214,40.7122253],[-74.0090149,40.712233],[-74.0090168,40.7122457]]]},"properties":{"id":"woolworth","name":"","h_m":204,"min_h_m":195,"is_part":true}},{"type":"Feature","geometry":{"type":"Polygon","coordinates":[[[-74.0091781,40.7123113],[-74.0091807,40.7123241],[-74.0091988,40.7123212],[-74.009205,40.7123134],[-74.0091847,40.7123037],[-74.0091781,40.7123113]]]},"properties":{"id":"woolworth","name":"","h_m":204,"min_h_m":195,"is_part":true}},{"type":"Feature","geometry":{"type":"Polygon","coordinates":[[[-74.0093192,40.7124012],[-74.0092865,40.7124409],[-74.00882,40.7122236],[-74.0088567,40.7121798],[-74.0089175,40.7122088],[-74.0089344,40.7122066],[-74.0089383,40.7122189],[-74.0089991,40.7122479],[-74.0090168,40.7122457],[-74.0090205,40.7122581],[-74.0090813,40.7122871],[-74.0090988,40.7122849],[-74.0091025,40.7122973],[-74.0091633,40.7123263],[-74.0091807,40.7123241],[-74.0091844,40.7123365],[-74.009245,40.7123657],[-74.0092623,40.7123635],[-74.0092662,40.7123758],[-74.0093192,40.7124012]]]},"properties":{"id":"woolworth","name":"","h_m":21,"min_h_m":0,"is_part":true}},{"type":"Feature","geometry":{"type":"Polygon","coordinates":[[[-74.0094756,40.7122121],[-74.0094236,40.7122723],[-74.0093737,40.7122485],[-74.0093562,40.7122507],[-74.0093525,40.7122383],[-74.0092808,40.712204],[-74.0093003,40.7121798],[-74.0092966,40.7121674],[-74.0092357,40.7121385],[-74.0092183,40.7121406],[-74.0092146,40.7121282],[-74.0091537,40.7120993],[-74.0091362,40.7121014],[-74.0091324,40.712089],[-74.0090716,40.7120601],[-74.0090545,40.7120623],[-74.0090508,40.7120499],[-74.0089899,40.712021],[-74.0090057,40.7120003],[-74.0092201,40.7121042],[-74.0092531,40.7120645],[-74.0093282,40.7121007],[-74.0093043,40.7121294],[-74.0094258,40.7121879],[-74.0094756,40.7122121]]]},"properties":{"id":"woolworth","name":"","h_m":21,"min_h_m":0,"is_part":true}},{"type":"Feature","geometry":{"type":"Polygon","coordinates":[[[-74.009245,40.7123657],[-74.0092623,40.7123635],[-74.0093093,40.7123071],[-74.0093562,40.7122507],[-74.0093525,40.7122383],[-74.0092808,40.712204],[-74.0093003,40.7121798],[-74.0092966,40.7121674],[-74.0092357,40.7121385],[-74.0092183,40.7121406],[-74.0092146,40.7121282],[-74.0091537,40.7120993],[-74.0091362,40.7121014],[-74.0091162,40.7121255],[-74.0090456,40.7120918],[-74.0090285,40.7120939],[-74.0089817,40.7121503],[-74.0089344,40.7122066],[-74.0089383,40.7122189],[-74.0089991,40.7122479],[-74.0090168,40.7122457],[-74.0090205,40.7122581],[-74.0090813,40.7122871],[-74.0090988,40.7122849],[-74.0091025,40.7122973],[-74.0091633,40.7123263],[-74.0091807,40.7123241],[-74.0091844,40.7123365],[-74.009245,40.7123657]]]},"properties":{"id":"woolworth","name":"","h_m":186,"min_h_m":173,"is_part":true}},{"type":"Feature","geometry":{"type":"Polygon","coordinates":[[[-74.0089817,40.7121503],[-74.0089884,40.7121651],[-74.0089974,40.7121697],[-74.0090091,40.7121555],[-74.0089999,40.712151],[-74.0089817,40.7121503]]]},"properties":{"id":"woolworth","name":"","h_m":204,"min_h_m":195,"is_part":true}},{"type":"Feature","geometry":{"type":"Polygon","coordinates":[[[-74.0091837,40.7117623],[-74.0091922,40.7117521],[-74.0087074,40.7115185],[-74.0085062,40.7117604],[-74.008554,40.7117834],[-74.0086215,40.7118159],[-74.008722,40.7118643],[-74.0087793,40.7117957],[-74.0089856,40.7118946],[-74.0090492,40.711924],[-74.0091432,40.711811],[-74.0091837,40.7117623]]]},"properties":{"id":"woolworth","name":"","h_m":28,"min_h_m":0,"is_part":true}},{"type":"Feature","geometry":{"type":"Polygon","coordinates":[[[-74.0086215,40.7118159],[-74.0087311,40.7116846],[-74.008707,40.7116009],[-74.008554,40.7117834],[-74.0086215,40.7118159]]]},"properties":{"id":"woolworth","name":"","h_m":46.2,"min_h_m":28,"is_part":true}},{"type":"Feature","geometry":{"type":"Polygon","coordinates":[[[-74.0090492,40.711924],[-74.0089911,40.7119937],[-74.008722,40.7118643],[-74.0087793,40.7117957],[-74.0089856,40.7118946],[-74.0090492,40.711924]]]},"properties":{"id":"woolworth","name":"","h_m":6,"min_h_m":0,"is_part":true}},{"type":"Feature","geometry":{"type":"Polygon","coordinates":[[[-74.0089856,40.7118946],[-74.009038,40.7118319],[-74.0087311,40.7116846],[-74.0086215,40.7118159],[-74.008722,40.7118643],[-74.0087793,40.7117957],[-74.0089856,40.7118946]]]},"properties":{"id":"woolworth","name":"","h_m":46.2,"min_h_m":0,"is_part":true}},{"type":"Feature","geometry":{"type":"Polygon","coordinates":[[[-74.0131743,40.7130265],[-74.0131849,40.7130282],[-74.0131956,40.7130273],[-74.0132055,40.713024],[-74.0132135,40.7130185],[-74.0132189,40.7130115],[-74.0132213,40.7130035],[-74.0132202,40.7129953],[-74.0132159,40.7129878],[-74.0132088,40.7129817],[-74.0131995,40.7129775],[-74.0131889,40.7129757],[-74.013178,40.7129764],[-74.013168,40.7129797],[-74.0131598,40.7129852],[-74.0131543,40.7129924],[-74.013152,40.7130005],[-74.0131531,40.7130087],[-74.0131576,40.7130162],[-74.0131649,40.7130224],[-74.0131743,40.7130265]]]},"properties":{"id":"one-wtc","name":"","h_m":541,"min_h_m":420,"is_part":true}},{"type":"Feature","geometry":{"type":"Polygon","coordinates":[[[-74.013236,40.7131574],[-74.0132688,40.7131493],[-74.0132994,40.7131371],[-74.013327,40.7131214],[-74.0133509,40.7131025],[-74.0133704,40.7130809],[-74.013385,40.7130572],[-74.0133944,40.713032],[-74.0133982,40.713006],[-74.0133964,40.7129799],[-74.0133891,40.7129543],[-74.0133764,40.71293],[-74.0133586,40.7129075],[-74.0133363,40.7128876],[-74.01331,40.7128706],[-74.0132804,40.7128571],[-74.0132483,40.7128474],[-74.0132146,40.7128418],[-74.0131801,40.7128405],[-74.0131458,40.7128433],[-74.0131126,40.7128504],[-74.0130813,40.7128614],[-74.0130572,40.7128735],[-74.0130355,40.712888],[-74.0130166,40.7129045],[-74.0130009,40.7129229],[-74.0129886,40.7129427],[-74.0129799,40.7129636],[-74.0129751,40.7129852],[-74.0129742,40.7130071],[-74.0129772,40.7130288],[-74.0129841,40.7130501],[-74.0129948,40.7130704],[-74.0130089,40.7130895],[-74.0130264,40.7131069],[-74.0130469,40.7131224],[-74.0130699,40.7131356],[-74.013095,40.7131464],[-74.0131219,40.7131544],[-74.01315,40.7131596],[-74.0131787,40.7131618],[-74.0132076,40.7131611],[-74.013236,40.7131574]]]},"properties":{"id":"one-wtc","name":"","h_m":420,"min_h_m":417,"is_part":true}},{"type":"Feature","geometry":{"type":"Polygon","coordinates":[[[-74.0133679,40.71274],[-74.0128441,40.7128668],[-74.0130136,40.7132594],[-74.0135312,40.7131367],[-74.0133679,40.71274]]]},"properties":{"id":"one-wtc","name":"One World Trade Center","h_m":417,"min_h_m":0,"is_part":true}},{"type":"Feature","geometry":{"type":"Polygon","coordinates":[[[-74.0133679,40.71274],[-74.0128441,40.7128668],[-74.013023,40.7126048],[-74.0133679,40.71274]]]},"properties":{"id":"one-wtc","name":"","h_m":417,"min_h_m":0,"is_part":true}},{"type":"Feature","geometry":{"type":"Polygon","coordinates":[[[-74.0128441,40.7128668],[-74.0130136,40.7132594],[-74.0126685,40.713124],[-74.0128441,40.7128668]]]},"properties":{"id":"one-wtc","name":"","h_m":417,"min_h_m":0,"is_part":true}},{"type":"Feature","geometry":{"type":"Polygon","coordinates":[[[-74.0135312,40.7131367],[-74.0133558,40.7133937],[-74.0130136,40.7132594],[-74.0135312,40.7131367]]]},"properties":{"id":"one-wtc","name":"","h_m":417,"min_h_m":0,"is_part":true}},{"type":"Feature","geometry":{"type":"Polygon","coordinates":[[[-74.0137104,40.7128743],[-74.0135312,40.7131367],[-74.0133679,40.71274],[-74.0137104,40.7128743]]]},"properties":{"id":"one-wtc","name":"","h_m":417,"min_h_m":0,"is_part":true}},{"type":"Feature","geometry":{"type":"Polygon","coordinates":[[[-74.0124992,40.7128784],[-74.0126362,40.7124659],[-74.0125431,40.7124481],[-74.0120865,40.712361],[-74.0119988,40.7126248],[-74.0119819,40.7126756],[-74.0119655,40.712725],[-74.0119494,40.7127735],[-74.0124992,40.7128784]]]},"properties":{"id":"one-wtc","name":"","h_m":42,"min_h_m":8.4,"is_part":true}},{"type":"Feature","geometry":{"type":"Polygon","coordinates":[[[-74.0124992,40.7128784],[-74.0119494,40.7127735],[-74.0119655,40.712725],[-74.0119819,40.7126756],[-74.0119988,40.7126248],[-74.0120865,40.712361],[-74.0125431,40.7124481],[-74.0126362,40.7124659],[-74.0124992,40.7128784]]]},"properties":{"id":"one-wtc","name":"","h_m":8.4,"min_h_m":0,"is_part":true}},{"type":"Feature","geometry":{"type":"Polygon","coordinates":[[[-73.9587937,40.7827664],[-73.9588302,40.7827821],[-73.9588922,40.7826984],[-73.9588985,40.7826958],[-73.9589056,40.7826964],[-73.9590713,40.7827667],[-73.9590925,40.7827777],[-73.9591118,40.7827906],[-73.9591204,40.7827979],[-73.959129,40.7828052],[-73.9591437,40.7828212],[-73.9591878,40.7828453],[-73.9591974,40.7828559],[-73.9591997,40.7828597],[-73.9592045,40.7828677],[-73.9592089,40.7828802],[-73.9592104,40.7828931],[-73.9592091,40.7829061],[-73.9592048,40.7829186],[-73.9592017,40.7829246],[-73.9591818,40.7829348],[-73.9591765,40.782955],[-73.9591682,40.7829746],[-73.9591629,40.7829841],[-73.9591502,40.7830023],[-73.9591349,40.7830193],[-73.959117,40.7830348],[-73.9591073,40.783042],[-73.959097,40.7830487],[-73.9590749,40.7830607],[-73.9590632,40.7830659],[-73.9590387,40.7830748],[-73.9589589,40.7831866],[-73.9588712,40.7833084],[-73.9586712,40.7832262],[-73.958591,40.7831915],[-73.958558,40.783178],[-73.9586442,40.7830605],[-73.9587323,40.7829402],[-73.9586819,40.7829189],[-73.9586992,40.7828953],[-73.9587937,40.7827664]]]},"properties":{"id":"guggenheim","name":"","h_m":41.6,"min_h_m":0,"is_part":true}},{"type":"Feature","geometry":{"type":"Polygon","coordinates":[[[-73.978416,40.7612885],[-73.9784218,40.7612804],[-73.9784358,40.761261],[-73.9784418,40.7612527],[-73.9784557,40.7612333],[-73.9784618,40.7612247],[-73.9784758,40.7612054],[-73.9784816,40.7611972],[-73.9784956,40.7611778],[-73.9785016,40.7611694],[-73.9785155,40.76115],[-73.9785219,40.7611412],[-73.9785358,40.7611218],[-73.9785419,40.7611133],[-73.9785559,40.7610939],[-73.9785617,40.7610859],[-73.9785756,40.7610665],[-73.9785817,40.761058],[-73.9785956,40.7610386],[-73.9786018,40.7610301],[-73.9786157,40.7610107],[-73.9786231,40.7610002],[-73.9786432,40.7609954],[-73.9786503,40.7609983],[-73.9786759,40.7610089],[-73.9786831,40.7610119],[-73.9787087,40.7610224],[-73.9787161,40.7610255],[-73.9787417,40.761036],[-73.9787492,40.7610391],[-73.9787748,40.7610497],[-73.9787814,40.7610524],[-73.978807,40.761063],[-73.9788146,40.7610661],[-73.9788402,40.7610767],[-73.9788475,40.7610796],[-73.9788731,40.7610902],[-73.9788803,40.7610932],[-73.9789059,40.7611038],[-73.9789131,40.7611067],[-73.9789387,40.7611173],[-73.9789457,40.7611201],[-73.9789713,40.7611307],[-73.978979,40.7611339],[-73.9790046,40.7611444],[-73.9790117,40.7611474],[-73.9790373,40.7611579],[-73.9790444,40.7611608],[-73.97907,40.7611714],[-73.9790775,40.7611745],[-73.9791031,40.7611851],[-73.9791101,40.761188],[-73.9791357,40.7611985],[-73.9791428,40.7612014],[-73.9791486,40.7612162],[-73.9791406,40.7612276],[-73.9791267,40.761247],[-73.9791206,40.7612554],[-73.9791067,40.7612748],[-73.9791007,40.7612831],[-73.9790868,40.7613025],[-73.9790809,40.7613106],[-73.979067,40.76133],[-73.979061,40.7613384],[-73.9790471,40.7613577],[-73.9790411,40.761366],[-73.9790271,40.7613855],[-73.9790209,40.7613941],[-73.979007,40.7614135],[-73.9790011,40.7614217],[-73.9789871,40.7614411],[-73.978981,40.7614496],[-73.9789671,40.761469],[-73.9789611,40.7614773],[-73.9789472,40.7614967],[-73.9789409,40.7615054],[-73.9789212,40.7615097],[-73.9789121,40.761506],[-73.9788865,40.7614954],[-73.9788765,40.7614913],[-73.9788509,40.7614807],[-73.978842,40.761477],[-73.9788163,40.7614665],[-73.9788071,40.7614627],[-73.9787815,40.7614521],[-73.9787767,40.7614501],[-73.9787718,40.7614481],[-73.9787462,40.7614375],[-73.9787415,40.7614356],[-73.9787368,40.7614336],[-73.9787111,40.7614231],[-73.9787016,40.7614191],[-73.9786759,40.7614086],[-73.9786669,40.7614048],[-73.9786413,40.7613943],[-73.9786316,40.7613903],[-73.978606,40.7613797],[-73.9785966,40.7613758],[-73.978571,40.7613653],[-73.9785618,40.7613615],[-73.9785362,40.7613509],[-73.9785267,40.761347],[-73.9785011,40.7613365],[-73.9784919,40.7613327],[-73.9784663,40.7613221],[-73.978457,40.7613183],[-73.9784314,40.7613077],[-73.9784214,40.7613036],[-73.978416,40.7612885]]]},"properties":{"id":"moma","name":"","h_m":150,"min_h_m":0,"is_part":true}},{"type":"Feature","geometry":{"type":"Polygon","coordinates":[[[-73.977117,40.7614097],[-73.9771521,40.7614242],[-73.9771873,40.7614384],[-73.9772824,40.7614776],[-73.9773176,40.7614923],[-73.9773515,40.7615072],[-73.9773978,40.7614486],[-73.9774342,40.7614637],[-73.9774706,40.7614787],[-73.977513,40.7614199],[-73.9776016,40.7612974],[-73.9776226,40.7612683],[-73.9775862,40.7612532],[-73.9775498,40.7612381],[-73.9773833,40.7611691],[-73.9773469,40.7611541],[-73.9773115,40.761139],[-73.977117,40.7614097]]]},"properties":{"id":"moma","name":"Museum Tower","h_m":159,"min_h_m":0,"is_part":true}},{"type":"Feature","geometry":{"type":"Polygon","coordinates":[[[-73.9771873,40.7614384],[-73.9772824,40.7614776],[-73.977325,40.7614184],[-73.9773614,40.7614335],[-73.9773978,40.7614486],[-73.9775498,40.7612381],[-73.9773833,40.7611691],[-73.9771873,40.7614384]]]},"properties":{"id":"moma","name":"","h_m":179.6,"min_h_m":0,"is_part":true}},{"type":"Feature","geometry":{"type":"Polygon","coordinates":[[[-73.9775862,40.7612532],[-73.9775498,40.7612381],[-73.9773833,40.7611691],[-73.9773469,40.7611541],[-73.9771521,40.7614242],[-73.9771873,40.7614384],[-73.9772824,40.7614776],[-73.9773176,40.7614923],[-73.9773614,40.7614335],[-73.9773978,40.7614486],[-73.9774342,40.7614637],[-73.9775862,40.7612532]]]},"properties":{"id":"moma","name":"","h_m":169,"min_h_m":0,"is_part":true}},{"type":"Feature","geometry":{"type":"Polygon","coordinates":[[[-73.9775347,40.7616563],[-73.9775971,40.7615663],[-73.9776609,40.7614821],[-73.9776778,40.7614587],[-73.9780318,40.7616058],[-73.9779169,40.7617645],[-73.9779959,40.7617974],[-73.9779678,40.7618363],[-73.9778874,40.7618029],[-73.9775347,40.7616563]]]},"properties":{"id":"moma","name":"","h_m":74.8,"min_h_m":0,"is_part":true}},{"type":"Feature","geometry":{"type":"Polygon","coordinates":[[[-73.978052,40.7612228],[-73.9780791,40.7611865],[-73.9781255,40.7612063],[-73.9781518,40.7611711],[-73.9781982,40.7611909],[-73.9782486,40.7611233],[-73.9783746,40.7609544],[-73.9784228,40.7608898],[-73.9783761,40.7608699],[-73.9784024,40.7608347],[-73.9783576,40.7608155],[-73.9783838,40.7607805],[-73.9782932,40.7607417],[-73.9782045,40.7607038],[-73.9781204,40.7606678],[-73.9780275,40.760628],[-73.9780113,40.7606497],[-73.9779899,40.7606406],[-73.9779814,40.760652],[-73.9779604,40.760643],[-73.9777376,40.7605477],[-73.9776294,40.7606928],[-73.9775911,40.7607441],[-73.9777355,40.7608059],[-73.9777333,40.7608089],[-73.9775983,40.7609899],[-73.9776963,40.7610319],[-73.9776876,40.7610437],[-73.9777086,40.7610527],[-73.9776955,40.7610702],[-73.9777885,40.76111],[-73.9778766,40.7611477],[-73.9779612,40.7611839],[-73.978052,40.7612228]]]},"properties":{"id":"moma","name":"31 West 52nd Street","h_m":25,"min_h_m":0,"is_part":true}},{"type":"Feature","geometry":{"type":"Polygon","coordinates":[[[-73.9777355,40.7608059],[-73.9775911,40.7607441],[-73.9774081,40.7606659],[-73.9771729,40.7605652],[-73.9770614,40.7607153],[-73.9769919,40.7608094],[-73.9775535,40.7610497],[-73.9775983,40.7609899],[-73.9777333,40.7608089],[-73.9777355,40.7608059]]]},"properties":{"id":"moma","name":"Baccarat Hotel New York","h_m":null,"min_h_m":0,"is_part":true}},{"type":"Feature","geometry":{"type":"Polygon","coordinates":[[[-73.977761,40.7605147],[-73.9777466,40.7605352],[-73.9777376,40.7605477],[-73.9776294,40.7606928],[-73.9775911,40.7607441],[-73.9774081,40.7606659],[-73.9774462,40.7606146],[-73.9775634,40.760457],[-73.9775721,40.7604453],[-73.9775778,40.7604379],[-73.977667,40.7604733],[-73.977761,40.7605147]]]},"properties":{"id":"moma","name":"Paley Center for Media","h_m":30,"min_h_m":0,"is_part":true}},{"type":"Feature","geometry":{"type":"Polygon","coordinates":[[[-73.9780182,40.7611312],[-73.9780456,40.7610946],[-73.9780919,40.7611145],[-73.9781183,40.7610793],[-73.9781644,40.761099],[-73.9783018,40.7609154],[-73.9782549,40.7608952],[-73.9782811,40.7608601],[-73.9782363,40.7608409],[-73.9782624,40.7608061],[-73.9781539,40.7607595],[-73.9781284,40.7607936],[-73.9780819,40.7607736],[-73.9780547,40.76081],[-73.978008,40.7607899],[-73.9778706,40.7609736],[-73.9779169,40.7609934],[-73.9778906,40.7610285],[-73.9779369,40.7610484],[-73.9779098,40.7610847],[-73.9780182,40.7611312]]]},"properties":{"id":"moma","name":"","h_m":125,"min_h_m":115,"is_part":true}},{"type":"Feature","geometry":{"type":"Polygon","coordinates":[[[-73.978052,40.7612228],[-73.9780791,40.7611865],[-73.9781255,40.7612063],[-73.9781518,40.7611711],[-73.9781982,40.7611909],[-73.9782486,40.7611233],[-73.9783746,40.7609544],[-73.9784228,40.7608898],[-73.9783761,40.7608699],[-73.9784024,40.7608347],[-73.9783576,40.7608155],[-73.9783838,40.7607805],[-73.9782932,40.7607417],[-73.9782045,40.7607038],[-73.9781204,40.7606678],[-73.9780953,40.7607015],[-73.9780487,40.7606815],[-73.9780212,40.7607183],[-73.9779743,40.7606982],[-73.9779254,40.7607637],[-73.9777984,40.7609336],[-73.9777493,40.7609992],[-73.9777953,40.7610189],[-73.9777691,40.761054],[-73.9778154,40.7610739],[-73.9777885,40.76111],[-73.9778766,40.7611477],[-73.9779612,40.7611839],[-73.978052,40.7612228]]]},"properties":{"id":"moma","name":"","h_m":105,"min_h_m":25,"is_part":true}},{"type":"Feature","geometry":{"type":"Polygon","coordinates":[[[-73.9777984,40.7609336],[-73.9778394,40.7609513],[-73.9778137,40.7609854],[-73.9778602,40.7610054],[-73.9778339,40.7610404],[-73.9778802,40.7610604],[-73.9778529,40.7610967],[-73.9778998,40.7611169],[-73.9778766,40.7611477],[-73.9779612,40.7611839],[-73.9779847,40.7611525],[-73.978034,40.7611738],[-73.9780613,40.7611375],[-73.9781075,40.7611574],[-73.978134,40.7611221],[-73.9781799,40.7611419],[-73.9782073,40.7611055],[-73.9782486,40.7611233],[-73.9783746,40.7609544],[-73.9783335,40.7609366],[-73.9783584,40.7609036],[-73.9783114,40.7608833],[-73.9783377,40.7608483],[-73.9782929,40.760829],[-73.978319,40.7607943],[-73.9782697,40.760773],[-73.9782932,40.7607417],[-73.9782045,40.7607038],[-73.978181,40.760735],[-73.9781384,40.7607166],[-73.9781129,40.7607506],[-73.9780665,40.7607306],[-73.978039,40.7607672],[-73.9779926,40.7607472],[-73.9779668,40.7607816],[-73.9779254,40.7607637],[-73.9777984,40.7609336]]]},"properties":{"id":"moma","name":"","h_m":115,"min_h_m":105,"is_part":true}},{"type":"Feature","geometry":{"type":"Polygon","coordinates":[[[-73.9776294,40.7606928],[-73.9777376,40.7605477],[-73.9777466,40.7605352],[-73.9775634,40.760457],[-73.9774462,40.7606146],[-73.9776294,40.7606928]]]},"properties":{"id":"moma","name":"","h_m":73,"min_h_m":0,"is_part":true}},{"type":"Feature","geometry":{"type":"Polygon","coordinates":[[[-73.9784719,40.7613369],[-73.9784663,40.7613221],[-73.9784864,40.7613178],[-73.9784919,40.7613327],[-73.9784719,40.7613369]]]},"properties":{"id":"moma","name":"","h_m":150,"min_h_m":0,"is_part":true}},{"type":"Feature","geometry":{"type":"Polygon","coordinates":[[[-73.9784618,40.7612247],[-73.9784559,40.7612097],[-73.9784758,40.7612054],[-73.9784815,40.7612203],[-73.9784618,40.7612247]]]},"properties":{"id":"moma","name":"","h_m":150,"min_h_m":0,"is_part":true}},{"type":"Feature","geometry":{"type":"Polygon","coordinates":[[[-73.9785419,40.7613654],[-73.9785362,40.7613509],[-73.9785565,40.7613463],[-73.9785618,40.7613615],[-73.9785419,40.7613654]]]},"properties":{"id":"moma","name":"","h_m":150,"min_h_m":0,"is_part":true}},{"type":"Feature","geometry":{"type":"Polygon","coordinates":[[[-73.9784218,40.7612804],[-73.978416,40.7612653],[-73.9784358,40.761261],[-73.9784415,40.761276],[-73.9784218,40.7612804]]]},"properties":{"id":"moma","name":"","h_m":150,"min_h_m":0,"is_part":true}},{"type":"Feature","geometry":{"type":"Polygon","coordinates":[[[-73.9784015,40.7613077],[-73.978396,40.7612928],[-73.978416,40.7612885],[-73.9784214,40.7613036],[-73.9784015,40.7613077]]]},"properties":{"id":"moma","name":"","h_m":150,"min_h_m":0,"is_part":true}},{"type":"Feature","geometry":{"type":"Polygon","coordinates":[[[-73.9784418,40.7612527],[-73.9784363,40.7612378],[-73.9784557,40.7612333],[-73.9784619,40.7612485],[-73.9784418,40.7612527]]]},"properties":{"id":"moma","name":"","h_m":150,"min_h_m":0,"is_part":true}},{"type":"Feature","geometry":{"type":"Polygon","coordinates":[[[-73.9785066,40.7613513],[-73.9785011,40.7613365],[-73.9785212,40.7613322],[-73.9785267,40.761347],[-73.9785066,40.7613513]]]},"properties":{"id":"moma","name":"","h_m":150,"min_h_m":0,"is_part":true}},{"type":"Feature","geometry":{"type":"Polygon","coordinates":[[[-73.9784369,40.7613225],[-73.9784314,40.7613077],[-73.9784515,40.7613033],[-73.978457,40.7613183],[-73.9784369,40.7613225]]]},"properties":{"id":"moma","name":"","h_m":150,"min_h_m":0,"is_part":true}},{"type":"Feature","geometry":{"type":"Polygon","coordinates":[[[-73.9784816,40.7611972],[-73.9784763,40.7611824],[-73.9784956,40.7611778],[-73.9785019,40.761193],[-73.9784816,40.7611972]]]},"properties":{"id":"moma","name":"","h_m":150,"min_h_m":0,"is_part":true}},{"type":"Feature","geometry":{"type":"Polygon","coordinates":[[[-73.9775079,40.760975],[-73.9771036,40.760802],[-73.9772376,40.7606223],[-73.9776419,40.7607953],[-73.9775079,40.760975]]]},"properties":{"id":"moma","name":"","h_m":185,"min_h_m":0,"is_part":true}},{"type":"Feature","geometry":{"type":"Polygon","coordinates":[[[-73.9773515,40.7615072],[-73.9773978,40.7614486],[-73.9774342,40.7614637],[-73.9774706,40.7614787],[-73.977513,40.7614199],[-73.9776016,40.7612974],[-73.9776226,40.7612683],[-73.9780807,40.7614585],[-73.9781235,40.7614763],[-73.9781219,40.7614787],[-73.9781006,40.7615088],[-73.9780318,40.7616058],[-73.9779169,40.7617645],[-73.9779959,40.7617974],[-73.9779678,40.7618363],[-73.9778874,40.7618029],[-73.9778042,40.7619178],[-73.977777,40.7619557],[-73.9769666,40.761619],[-73.977117,40.7614097],[-73.9771521,40.7614242],[-73.9771873,40.7614384],[-73.9772824,40.7614776],[-73.9773176,40.7614923],[-73.9773515,40.7615072]]]},"properties":{"id":"moma","name":"MoMA","h_m":null,"min_h_m":0,"is_part":true}},{"type":"Feature","geometry":{"type":"Polygon","coordinates":[[[-73.9782878,40.7620172],[-73.9783433,40.7619409],[-73.9783219,40.761932],[-73.978263,40.7619074],[-73.9782076,40.7619837],[-73.9782878,40.7620172]]]},"properties":{"id":"moma","name":"","h_m":151,"min_h_m":0,"is_part":true}},{"type":"Feature","geometry":{"type":"Polygon","coordinates":[[[-73.9772824,40.7614776],[-73.9773176,40.7614923],[-73.9773515,40.7615072],[-73.9773128,40.7615641],[-73.9772087,40.7615209],[-73.9771255,40.7616357],[-73.9778042,40.7619178],[-73.977777,40.7619557],[-73.9769666,40.761619],[-73.977117,40.7614097],[-73.9771521,40.7614242],[-73.9771873,40.7614384],[-73.9772824,40.7614776]]]},"properties":{"id":"moma","name":"","h_m":25,"min_h_m":0,"is_part":true}},{"type":"Feature","geometry":{"type":"Polygon","coordinates":[[[-73.9781235,40.7614763],[-73.9781219,40.7614787],[-73.9781006,40.7615088],[-73.9776016,40.7612974],[-73.9776226,40.7612683],[-73.9780807,40.7614585],[-73.9781235,40.7614763]]]},"properties":{"id":"moma","name":"","h_m":25,"min_h_m":0,"is_part":true}},{"type":"Feature","geometry":{"type":"Polygon","coordinates":[[[-73.9776609,40.7614821],[-73.977513,40.7614199],[-73.9776016,40.7612974],[-73.9781006,40.7615088],[-73.9780318,40.7616058],[-73.9776778,40.7614587],[-73.9776609,40.7614821]]]},"properties":{"id":"moma","name":"","h_m":35,"min_h_m":0,"is_part":true}},{"type":"Feature","geometry":{"type":"Polygon","coordinates":[[[-73.9778042,40.7619178],[-73.9771255,40.7616357],[-73.9772087,40.7615209],[-73.9773128,40.7615641],[-73.9775347,40.7616563],[-73.9778874,40.7618029],[-73.9778042,40.7619178]]]},"properties":{"id":"moma","name":"","h_m":35,"min_h_m":0,"is_part":true}},{"type":"Feature","geometry":{"type":"Polygon","coordinates":[[[-73.9773128,40.7615641],[-73.9773515,40.7615072],[-73.9773978,40.7614486],[-73.9774342,40.7614637],[-73.9774706,40.7614787],[-73.977513,40.7614199],[-73.9776609,40.7614821],[-73.9775971,40.7615663],[-73.9775347,40.7616563],[-73.9773128,40.7615641]]]},"properties":{"id":"moma","name":"","h_m":35,"min_h_m":0,"is_part":true}},{"type":"Feature","geometry":{"type":"Polygon","coordinates":[[[-73.9707169,40.7589717],[-73.9710623,40.7585],[-73.9722409,40.758995],[-73.9721088,40.7591754],[-73.9721764,40.7592037],[-73.9720009,40.7594434],[-73.9719334,40.759415],[-73.9718954,40.7594668],[-73.9707169,40.7589717]]]},"properties":{"id":"seagram","name":"399 Park Avenue","h_m":30,"min_h_m":0,"is_part":true}},{"type":"Feature","geometry":{"type":"Polygon","coordinates":[[[-73.9720001,40.7572559],[-73.9723191,40.7573895],[-73.9722395,40.7574988],[-73.972898,40.7577741],[-73.9727576,40.7579668],[-73.9729328,40.75804],[-73.9728012,40.7582207],[-73.9716483,40.7577377],[-73.9720001,40.7572559]]]},"properties":{"id":"seagram","name":"345 Park Avenue","h_m":22,"min_h_m":0,"is_part":true}},{"type":"Feature","geometry":{"type":"Polygon","coordinates":[[[-73.9721279,40.7582972],[-73.9721736,40.7582346],[-73.9724421,40.7583471],[-73.9721939,40.7586868],[-73.9719231,40.7585733],[-73.9719748,40.7585025],[-73.9718875,40.7584659],[-73.9717887,40.7586012],[-73.9715128,40.7584855],[-73.9716128,40.7583486],[-73.9716831,40.7582524],[-73.9716888,40.7582548],[-73.9717248,40.7582056],[-73.9717692,40.7581448],[-73.9717807,40.7581291],[-73.9717991,40.7581039],[-73.9718364,40.7580528],[-73.9718619,40.758018],[-73.9721317,40.7581311],[-73.9720379,40.7582595],[-73.9721279,40.7582972]]]},"properties":{"id":"seagram","name":"Seagram Building","h_m":20,"min_h_m":0,"is_part":true}},{"type":"Feature","geometry":{"type":"Polygon","coordinates":[[[-73.9719231,40.7585733],[-73.9721939,40.7586868],[-73.9724421,40.7583471],[-73.9721736,40.7582346],[-73.9721279,40.7582972],[-73.9720379,40.7582595],[-73.9718875,40.7584659],[-73.9719748,40.7585025],[-73.9719231,40.7585733]]]},"properties":{"id":"seagram","name":"","h_m":161.7,"min_h_m":0,"is_part":true}},{"type":"Feature","geometry":{"type":"Polygon","coordinates":[[[-73.9711234,40.7586882],[-73.9709361,40.7589434],[-73.9713507,40.759118],[-73.9713219,40.7591573],[-73.9718039,40.7593603],[-73.9719334,40.759415],[-73.9720009,40.7594434],[-73.9721764,40.7592037],[-73.9721088,40.7591754],[-73.9720419,40.7591469],[-73.9714977,40.7589178],[-73.9714355,40.7588916],[-73.9714758,40.7588366],[-73.9711234,40.7586882]]]},"properties":{"id":"seagram","name":"","h_m":57,"min_h_m":0,"is_part":true}},{"type":"Feature","geometry":{"type":"Polygon","coordinates":[[[-73.9720419,40.7591469],[-73.972111,40.7590527],[-73.9720488,40.7590265],[-73.9711263,40.758638],[-73.9710641,40.7586119],[-73.9708192,40.7589455],[-73.9708814,40.7589717],[-73.9713219,40.7591573],[-73.9718039,40.7593603],[-73.9719334,40.759415],[-73.9720009,40.7594434],[-73.9721764,40.7592037],[-73.9721088,40.7591754],[-73.9720419,40.7591469]]]},"properties":{"id":"seagram","name":"","h_m":54,"min_h_m":0,"is_part":true}},{"type":"Feature","geometry":{"type":"Polygon","coordinates":[[[-73.9708814,40.7589717],[-73.9708555,40.7590071],[-73.971778,40.7593956],[-73.9718039,40.7593603],[-73.9719334,40.759415],[-73.9720009,40.7594434],[-73.9721764,40.7592037],[-73.9721088,40.7591754],[-73.9720419,40.7591469],[-73.972111,40.7590527],[-73.9720488,40.7590265],[-73.9720834,40.7589794],[-73.9711609,40.7585909],[-73.9711263,40.758638],[-73.9710641,40.7586119],[-73.9708192,40.7589455],[-73.9708814,40.7589717]]]},"properties":{"id":"seagram","name":"","h_m":34,"min_h_m":0,"is_part":true}},{"type":"Feature","geometry":{"type":"Polygon","coordinates":[[[-73.9714977,40.7589178],[-73.9713219,40.7591573],[-73.9718039,40.7593603],[-73.9719334,40.759415],[-73.9720009,40.7594434],[-73.9721764,40.7592037],[-73.9721088,40.7591754],[-73.9720419,40.7591469],[-73.9714977,40.7589178]]]},"properties":{"id":"seagram","name":"","h_m":160,"min_h_m":0,"is_part":true}},{"type":"Feature","geometry":{"type":"Polygon","coordinates":[[[-73.9716648,40.7582447],[-73.9717004,40.7581954],[-73.9717248,40.7582056],[-73.9717692,40.7581448],[-73.9717807,40.7581291],[-73.971658,40.7580781],[-73.9716763,40.7580529],[-73.9715716,40.7580094],[-73.9715216,40.7580785],[-73.9715008,40.7580699],[-73.9714419,40.7581513],[-73.9714906,40.7581717],[-73.9716648,40.7582447]]]},"properties":{"id":"seagram","name":"","h_m":133,"min_h_m":0,"is_part":true}},{"type":"Feature","geometry":{"type":"Polygon","coordinates":[[[-73.971576,40.7579659],[-73.9715254,40.7579449],[-73.9714502,40.7580489],[-73.9715008,40.7580699],[-73.971576,40.7579659]]]},"properties":{"id":"seagram","name":"","h_m":90,"min_h_m":0,"is_part":true}},{"type":"Feature","geometry":{"type":"Polygon","coordinates":[[[-73.9715008,40.7580699],[-73.9714502,40.7580489],[-73.9713914,40.7581301],[-73.9714419,40.7581513],[-73.9715008,40.7580699]]]},"properties":{"id":"seagram","name":"","h_m":120,"min_h_m":0,"is_part":true}},{"type":"Feature","geometry":{"type":"Polygon","coordinates":[[[-73.9716763,40.7580529],[-73.9717991,40.7581039],[-73.9718364,40.7580528],[-73.9717133,40.7580018],[-73.9716763,40.7580529]]]},"properties":{"id":"seagram","name":"","h_m":90,"min_h_m":0,"is_part":true}},{"type":"Feature","geometry":{"type":"Polygon","coordinates":[[[-73.9716648,40.7582447],[-73.9716831,40.7582524],[-73.9716888,40.7582548],[-73.9717248,40.7582056],[-73.9717004,40.7581954],[-73.9716648,40.7582447]]]},"properties":{"id":"seagram","name":"","h_m":120,"min_h_m":0,"is_part":true}},{"type":"Feature","geometry":{"type":"Polygon","coordinates":[[[-73.9716763,40.7580529],[-73.9717991,40.7581039],[-73.9717807,40.7581291],[-73.971658,40.7580781],[-73.9716763,40.7580529]]]},"properties":{"id":"seagram","name":"","h_m":120,"min_h_m":0,"is_part":true}},{"type":"Feature","geometry":{"type":"Polygon","coordinates":[[[-73.9715877,40.7579497],[-73.9717133,40.7580018],[-73.9718364,40.7580528],[-73.9718619,40.758018],[-73.9716115,40.7579154],[-73.9715877,40.7579497]]]},"properties":{"id":"seagram","name":"","h_m":45,"min_h_m":0,"is_part":true}},{"type":"Feature","geometry":{"type":"Polygon","coordinates":[[[-73.9715254,40.7579449],[-73.9714502,40.7580489],[-73.9713914,40.7581301],[-73.9713451,40.7581107],[-73.9714769,40.7579245],[-73.9715254,40.7579449]]]},"properties":{"id":"seagram","name":"","h_m":45,"min_h_m":0,"is_part":true}},{"type":"Feature","geometry":{"type":"Polygon","coordinates":[[[-73.9715008,40.7580699],[-73.971576,40.7579659],[-73.9715877,40.7579497],[-73.9717133,40.7580018],[-73.9716763,40.7580529],[-73.9715716,40.7580094],[-73.9715216,40.7580785],[-73.9715008,40.7580699]]]},"properties":{"id":"seagram","name":"","h_m":120,"min_h_m":0,"is_part":true}},{"type":"Feature","geometry":{"type":"Polygon","coordinates":[[[-73.9720379,40.7582595],[-73.9717692,40.7581448],[-73.9717248,40.7582056],[-73.9716888,40.7582548],[-73.9716831,40.7582524],[-73.9716128,40.7583486],[-73.9718875,40.7584659],[-73.9720379,40.7582595]]]},"properties":{"id":"seagram","name":"","h_m":40,"min_h_m":0,"is_part":true}},{"type":"Feature","geometry":{"type":"Polygon","coordinates":[[[-73.9715128,40.7584855],[-73.9716128,40.7583486],[-73.9716831,40.7582524],[-73.9716648,40.7582447],[-73.9714906,40.7581717],[-73.9713203,40.7584048],[-73.9715128,40.7584855]]]},"properties":{"id":"seagram","name":"","h_m":217,"min_h_m":0,"is_part":true}},{"type":"Feature","geometry":{"type":"Polygon","coordinates":[[[-73.9713203,40.7584048],[-73.9714906,40.7581717],[-73.9714419,40.7581513],[-73.9713914,40.7581301],[-73.9713451,40.7581107],[-73.9711748,40.7583438],[-73.9713203,40.7584048]]]},"properties":{"id":"seagram","name":"","h_m":45,"min_h_m":0,"is_part":true}},{"type":"Feature","geometry":{"type":"Polygon","coordinates":[[[-73.9707169,40.7589717],[-73.9710623,40.7585],[-73.9722409,40.758995],[-73.9721088,40.7591754],[-73.9721764,40.7592037],[-73.9720009,40.7594434],[-73.9719334,40.759415],[-73.9718954,40.7594668],[-73.9707169,40.7589717]]]},"properties":{"id":"lever-house","name":"399 Park Avenue","h_m":30,"min_h_m":0,"is_part":true}},{"type":"Feature","geometry":{"type":"Polygon","coordinates":[[[-73.9721279,40.7582972],[-73.9721736,40.7582346],[-73.9724421,40.7583471],[-73.9721939,40.7586868],[-73.9719231,40.7585733],[-73.9719748,40.7585025],[-73.9718875,40.7584659],[-73.9717887,40.7586012],[-73.9715128,40.7584855],[-73.9716128,40.7583486],[-73.9716831,40.7582524],[-73.9716888,40.7582548],[-73.9717248,40.7582056],[-73.9717692,40.7581448],[-73.9717807,40.7581291],[-73.9717991,40.7581039],[-73.9718364,40.7580528],[-73.9718619,40.758018],[-73.9721317,40.7581311],[-73.9720379,40.7582595],[-73.9721279,40.7582972]]]},"properties":{"id":"lever-house","name":"Seagram Building","h_m":20,"min_h_m":0,"is_part":true}},{"type":"Feature","geometry":{"type":"Polygon","coordinates":[[[-73.9719231,40.7585733],[-73.9721939,40.7586868],[-73.9724421,40.7583471],[-73.9721736,40.7582346],[-73.9721279,40.7582972],[-73.9720379,40.7582595],[-73.9718875,40.7584659],[-73.9719748,40.7585025],[-73.9719231,40.7585733]]]},"properties":{"id":"lever-house","name":"","h_m":161.7,"min_h_m":0,"is_part":true}},{"type":"Feature","geometry":{"type":"Polygon","coordinates":[[[-73.9730111,40.7597766],[-73.9730612,40.7597974],[-73.9731153,40.7597226],[-73.9730652,40.7597018],[-73.973085,40.759674],[-73.9729585,40.7596216],[-73.9727454,40.759533],[-73.972605,40.7594747],[-73.9725109,40.7596047],[-73.9729911,40.7598042],[-73.9730111,40.7597766]]]},"properties":{"id":"lever-house","name":"","h_m":93.6,"min_h_m":0,"is_part":true}},{"type":"Feature","geometry":{"type":"Polygon","coordinates":[[[-73.9711234,40.7586882],[-73.9709361,40.7589434],[-73.9713507,40.759118],[-73.9713219,40.7591573],[-73.9718039,40.7593603],[-73.9719334,40.759415],[-73.9720009,40.7594434],[-73.9721764,40.7592037],[-73.9721088,40.7591754],[-73.9720419,40.7591469],[-73.9714977,40.7589178],[-73.9714355,40.7588916],[-73.9714758,40.7588366],[-73.9711234,40.7586882]]]},"properties":{"id":"lever-house","name":"","h_m":57,"min_h_m":0,"is_part":true}},{"type":"Feature","geometry":{"type":"Polygon","coordinates":[[[-73.9720419,40.7591469],[-73.972111,40.7590527],[-73.9720488,40.7590265],[-73.9711263,40.758638],[-73.9710641,40.7586119],[-73.9708192,40.7589455],[-73.9708814,40.7589717],[-73.9713219,40.7591573],[-73.9718039,40.7593603],[-73.9719334,40.759415],[-73.9720009,40.7594434],[-73.9721764,40.7592037],[-73.9721088,40.7591754],[-73.9720419,40.7591469]]]},"properties":{"id":"lever-house","name":"","h_m":54,"min_h_m":0,"is_part":true}},{"type":"Feature","geometry":{"type":"Polygon","coordinates":[[[-73.9708814,40.7589717],[-73.9708555,40.7590071],[-73.971778,40.7593956],[-73.9718039,40.7593603],[-73.9719334,40.759415],[-73.9720009,40.7594434],[-73.9721764,40.7592037],[-73.9721088,40.7591754],[-73.9720419,40.7591469],[-73.972111,40.7590527],[-73.9720488,40.7590265],[-73.9720834,40.7589794],[-73.9711609,40.7585909],[-73.9711263,40.758638],[-73.9710641,40.7586119],[-73.9708192,40.7589455],[-73.9708814,40.7589717]]]},"properties":{"id":"lever-house","name":"","h_m":34,"min_h_m":0,"is_part":true}},{"type":"Feature","geometry":{"type":"Polygon","coordinates":[[[-73.9714977,40.7589178],[-73.9713219,40.7591573],[-73.9718039,40.7593603],[-73.9719334,40.759415],[-73.9720009,40.7594434],[-73.9721764,40.7592037],[-73.9721088,40.7591754],[-73.9720419,40.7591469],[-73.9714977,40.7589178]]]},"properties":{"id":"lever-house","name":"","h_m":160,"min_h_m":0,"is_part":true}},{"type":"Feature","geometry":{"type":"Polygon","coordinates":[[[-73.9731947,40.7592146],[-73.9728753,40.7590792],[-73.9732345,40.7585893],[-73.9735539,40.7587247],[-73.9734287,40.7588946],[-73.973391,40.7589472],[-73.9733563,40.758994],[-73.9731993,40.7592083],[-73.9731947,40.7592146]]]},"properties":{"id":"lever-house","name":"Racquet and Tennis Club","h_m":38,"min_h_m":0,"is_part":true}},{"type":"Feature","geometry":{"type":"Polygon","coordinates":[[[-73.972544,40.7601018],[-73.9725573,40.7600841],[-73.9725619,40.760078],[-73.9723657,40.7599942],[-73.9722603,40.7601357],[-73.9722622,40.7601366],[-73.9722785,40.7601435],[-73.9723174,40.7601603],[-73.972388,40.7600656],[-73.9725266,40.7601248],[-73.972544,40.7601018]]]},"properties":{"id":"lever-house","name":"","h_m":70,"min_h_m":0,"is_part":true}},{"type":"Feature","geometry":{"type":"Polygon","coordinates":[[[-73.9726966,40.7600388],[-73.9727127,40.7600174],[-73.9726332,40.7599832],[-73.9726171,40.7600045],[-73.9726966,40.7600388]]]},"properties":{"id":"lever-house","name":"","h_m":34,"min_h_m":0,"is_part":true}},{"type":"Feature","geometry":{"type":"Polygon","coordinates":[[[-73.9725619,40.760078],[-73.972578,40.7600565],[-73.9723569,40.7599627],[-73.9722358,40.7601252],[-73.9722603,40.7601357],[-73.9723657,40.7599942],[-73.9725619,40.760078]]]},"properties":{"id":"lever-house","name":"","h_m":64,"min_h_m":0,"is_part":true}},{"type":"Feature","geometry":{"type":"Polygon","coordinates":[[[-73.9726332,40.7599832],[-73.9723304,40.7598526],[-73.9721542,40.7600901],[-73.9721787,40.7601007],[-73.9723392,40.7598852],[-73.9726171,40.7600045],[-73.9726332,40.7599832]]]},"properties":{"id":"lever-house","name":"","h_m":46,"min_h_m":0,"is_part":true}},{"type":"Feature","geometry":{"type":"Polygon","coordinates":[[[-73.9725943,40.7600349],[-73.9726171,40.7600045],[-73.9723392,40.7598852],[-73.9721787,40.7601007],[-73.9721854,40.7601035],[-73.9722115,40.7601147],[-73.9723493,40.7599297],[-73.9725943,40.7600349]]]},"properties":{"id":"lever-house","name":"","h_m":52,"min_h_m":0,"is_part":true}},{"type":"Feature","geometry":{"type":"Polygon","coordinates":[[[-73.9722358,40.7601252],[-73.9722326,40.7601238],[-73.9722115,40.7601147],[-73.9723493,40.7599297],[-73.9725943,40.7600349],[-73.972578,40.7600565],[-73.9723569,40.7599627],[-73.9722358,40.7601252]]]},"properties":{"id":"lever-house","name":"","h_m":58,"min_h_m":0,"is_part":true}},{"type":"Feature","geometry":{"type":"Polygon","coordinates":[[[-73.9734313,40.7593061],[-73.9733177,40.7590476],[-73.9731993,40.7592083],[-73.9733276,40.7592624],[-73.9734313,40.7593061]]]},"properties":{"id":"lever-house","name":"","h_m":40,"min_h_m":0,"is_part":true}},{"type":"Feature","geometry":{"type":"Polygon","coordinates":[[[-73.9732056,40.7589432],[-73.9733963,40.7586777],[-73.9735195,40.7587284],[-73.9733289,40.7589939],[-73.9732056,40.7589432]]]},"properties":{"id":"lever-house","name":"","h_m":40,"min_h_m":38,"is_part":true}},{"type":"Feature","geometry":{"type":"Polygon","coordinates":[[[-73.9731002,40.7589729],[-73.9730023,40.7591053],[-73.9729136,40.7590677],[-73.9730114,40.7589353],[-73.9731002,40.7589729]]]},"properties":{"id":"lever-house","name":"","h_m":40,"min_h_m":38,"is_part":true}},{"type":"Feature","geometry":{"type":"Polygon","coordinates":[[[-73.9730487,40.7588788],[-73.9732394,40.7586133],[-73.9733626,40.758664],[-73.9731719,40.7589295],[-73.9730487,40.7588788]]]},"properties":{"id":"lever-house","name":"","h_m":40,"min_h_m":38,"is_part":true}},{"type":"Feature","geometry":{"type":"Polygon","coordinates":[[[-73.9731987,40.759015],[-73.9731008,40.7591475],[-73.9730121,40.7591099],[-73.9731099,40.7589774],[-73.9731987,40.759015]]]},"properties":{"id":"lever-house","name":"","h_m":40,"min_h_m":38,"is_part":true}},{"type":"Feature","geometry":{"type":"Polygon","coordinates":[[[-73.9715429,40.7596221],[-73.9715767,40.7595747],[-73.9716083,40.7595876],[-73.9716,40.7595993],[-73.9717958,40.7596793],[-73.9716724,40.7598527],[-73.9716841,40.7598575],[-73.9716657,40.7598832],[-73.9716085,40.7598597],[-73.9717245,40.7596963],[-73.9715429,40.7596221]]]},"properties":{"id":"lever-house","name":"","h_m":55,"min_h_m":0,"is_part":true}},{"type":"Feature","geometry":{"type":"Polygon","coordinates":[[[-73.9715767,40.7595747],[-73.9715924,40.7595526],[-73.9716798,40.7595883],[-73.9716638,40.7596108],[-73.9718183,40.7596739],[-73.9717206,40.7598111],[-73.9717458,40.7598214],[-73.9716936,40.7598947],[-73.9716657,40.7598832],[-73.9716841,40.7598575],[-73.9716724,40.7598527],[-73.9717958,40.7596793],[-73.9716,40.7595993],[-73.9716083,40.7595876],[-73.9715767,40.7595747]]]},"properties":{"id":"lever-house","name":"","h_m":52,"min_h_m":0,"is_part":true}},{"type":"Feature","geometry":{"type":"Polygon","coordinates":[[[-73.9716936,40.7598947],[-73.9716952,40.7598954],[-73.9717073,40.7599003],[-73.9717892,40.7597849],[-73.9717726,40.7597781],[-73.9718552,40.7596621],[-73.971721,40.7596072],[-73.9717294,40.7595955],[-73.9716031,40.7595468],[-73.9715924,40.7595526],[-73.9716798,40.7595883],[-73.9716638,40.7596108],[-73.9718183,40.7596739],[-73.9717206,40.7598111],[-73.9717458,40.7598214],[-73.9716936,40.7598947]]]},"properties":{"id":"lever-house","name":"","h_m":46,"min_h_m":0,"is_part":true}},{"type":"Feature","geometry":{"type":"Polygon","coordinates":[[[-73.9717892,40.7597849],[-73.9718771,40.7596578],[-73.9717294,40.7595955],[-73.971721,40.7596072],[-73.9718552,40.7596621],[-73.9717726,40.7597781],[-73.9717892,40.7597849]]]},"properties":{"id":"lever-house","name":"","h_m":43,"min_h_m":0,"is_part":true}},{"type":"Feature","geometry":{"type":"Polygon","coordinates":[[[-73.9715429,40.7596221],[-73.9717245,40.7596963],[-73.9716085,40.7598597],[-73.9714725,40.7598037],[-73.9714869,40.7597835],[-73.9714414,40.7597648],[-73.9714452,40.7597594],[-73.9715429,40.7596221]]]},"properties":{"id":"lever-house","name":"","h_m":62.8,"min_h_m":0,"is_part":true}},{"type":"Feature","geometry":{"type":"Polygon","coordinates":[[[-73.9771124,40.7769253],[-73.9770387,40.7770229],[-73.9769898,40.7770898],[-73.9769606,40.7771293],[-73.9767899,40.7773616],[-73.9765849,40.7772751],[-73.9767544,40.7770426],[-73.9767867,40.7769995],[-73.9768325,40.7769362],[-73.9769039,40.7768389],[-73.9771124,40.7769253]]]},"properties":{"id":"dakota","name":"","h_m":94.5,"min_h_m":0,"is_part":true}},{"type":"Feature","geometry":{"type":"Polygon","coordinates":[[[-73.9766855,40.7767549],[-73.9767182,40.7767689],[-73.9765977,40.7769341],[-73.9765652,40.7769206],[-73.9766855,40.7767549]]]},"properties":{"id":"dakota","name":"","h_m":49.875,"min_h_m":0,"is_part":true}},{"type":"Feature","geometry":{"type":"Polygon","coordinates":[[[-73.9767182,40.7767689],[-73.9768265,40.7768142],[-73.9768308,40.7768083],[-73.9769039,40.7768389],[-73.9768325,40.7769362],[-73.9767867,40.7769995],[-73.9767148,40.7769694],[-73.9766852,40.776957],[-73.9766776,40.7769675],[-73.9766306,40.7769479],[-73.9765977,40.7769341],[-73.9767182,40.7767689]]]},"properties":{"id":"dakota","name":"","h_m":63,"min_h_m":0,"is_part":true}},{"type":"Feature","geometry":{"type":"Polygon","coordinates":[[[-73.9770387,40.7770229],[-73.9768325,40.7769362],[-73.9767775,40.7770112],[-73.9767669,40.7770256],[-73.9767544,40.7770426],[-73.9769606,40.7771293],[-73.9769721,40.7771136],[-73.9770387,40.7770229]]]},"properties":{"id":"dakota","name":"","h_m":102.4,"min_h_m":0,"is_part":true}},{"type":"Feature","geometry":{"type":"Polygon","coordinates":[[[-73.9770965,40.7764013],[-73.9771321,40.7764163],[-73.9771638,40.7764296],[-73.9771996,40.7764446],[-73.9771806,40.7764707],[-73.9771615,40.7764965],[-73.9771396,40.7765261],[-73.9771028,40.7765105],[-73.9770716,40.7764973],[-73.9770367,40.7764826],[-73.9770586,40.7764527],[-73.9770765,40.7764284],[-73.9770965,40.7764013]]]},"properties":{"id":"dakota","name":"","h_m":89.1,"min_h_m":0,"is_part":true}},{"type":"Feature","geometry":{"type":"Polygon","coordinates":[[[-73.9772275,40.7764386],[-73.977212,40.7764592],[-73.9771624,40.7765304],[-73.9771531,40.7765437],[-73.97701,40.7764877],[-73.9770192,40.7764746],[-73.9770754,40.7763958],[-73.9770852,40.7763828],[-73.9771257,40.7764003],[-73.9771358,40.7763868],[-73.9771936,40.7764118],[-73.9771867,40.776421],[-73.9772275,40.7764386]]]},"properties":{"id":"dakota","name":"","h_m":69.3,"min_h_m":0,"is_part":true}},{"type":"Feature","geometry":{"type":"Polygon","coordinates":[[[-73.9771806,40.7764707],[-73.9771638,40.7764296],[-73.9771321,40.7764163],[-73.9770765,40.7764284],[-73.9770586,40.7764527],[-73.9770716,40.7764973],[-73.9771028,40.7765105],[-73.9771615,40.7764965],[-73.9771806,40.7764707]]]},"properties":{"id":"dakota","name":"","h_m":null,"min_h_m":0,"is_part":true}},{"type":"Feature","geometry":{"type":"Polygon","coordinates":[[[-73.9770754,40.7763958],[-73.9770304,40.7763773],[-73.9769745,40.7764564],[-73.9770192,40.7764746],[-73.9770754,40.7763958]]]},"properties":{"id":"dakota","name":"","h_m":66,"min_h_m":0,"is_part":true}},{"type":"Feature","geometry":{"type":"Polygon","coordinates":[[[-73.9772275,40.7764386],[-73.977212,40.7764592],[-73.9772551,40.7764767],[-73.977304,40.776414],[-73.9770777,40.7763162],[-73.9770304,40.7763773],[-73.9770754,40.7763958],[-73.9770852,40.7763828],[-73.9771257,40.7764003],[-73.9771358,40.7763868],[-73.9771936,40.7764118],[-73.9771867,40.776421],[-73.9772275,40.7764386]]]},"properties":{"id":"dakota","name":"","h_m":48,"min_h_m":0,"is_part":true}},{"type":"Feature","geometry":{"type":"Polygon","coordinates":[[[-73.977212,40.7764592],[-73.9772551,40.7764767],[-73.9772055,40.7765477],[-73.9771624,40.7765304],[-73.977212,40.7764592]]]},"properties":{"id":"dakota","name":"","h_m":66,"min_h_m":0,"is_part":true}},{"type":"Feature","geometry":{"type":"Polygon","coordinates":[[[-73.9771531,40.7765437],[-73.9771923,40.7765594],[-73.9771795,40.7765777],[-73.9772216,40.7765946],[-73.9772933,40.776492],[-73.9772551,40.7764767],[-73.9772055,40.7765477],[-73.9771624,40.7765304],[-73.9771531,40.7765437]]]},"properties":{"id":"dakota","name":"","h_m":56.8,"min_h_m":0,"is_part":true}},{"type":"Feature","geometry":{"type":"Polygon","coordinates":[[[-73.97701,40.7764877],[-73.9769736,40.7764729],[-73.9769608,40.776491],[-73.9769084,40.7764697],[-73.9769865,40.7763595],[-73.9770304,40.7763773],[-73.9769745,40.7764564],[-73.9770192,40.7764746],[-73.97701,40.7764877]]]},"properties":{"id":"dakota","name":"","h_m":56.8,"min_h_m":0,"is_part":true}},{"type":"Feature","geometry":{"type":"Polygon","coordinates":[[[-73.9771795,40.7765777],[-73.9771923,40.7765594],[-73.9771531,40.7765437],[-73.97701,40.7764877],[-73.9769736,40.7764729],[-73.9769608,40.776491],[-73.9771795,40.7765777]]]},"properties":{"id":"dakota","name":"","h_m":48,"min_h_m":0,"is_part":true}},{"type":"Feature","geometry":{"type":"Polygon","coordinates":[[[-73.9771031,40.7764478],[-73.9770971,40.7764522],[-73.9770933,40.7764577],[-73.977092,40.7764639],[-73.9770933,40.7764701],[-73.9770973,40.7764756],[-73.9771033,40.7764799],[-73.9771108,40.7764825],[-73.9771191,40.7764832],[-73.9771272,40.7764818],[-73.9771345,40.7764784],[-73.9771399,40.7764733],[-73.9771428,40.7764672],[-73.9771429,40.7764606],[-73.97714,40.7764544],[-73.9771346,40.7764493],[-73.9771273,40.7764459],[-73.9771189,40.7764445],[-73.9771106,40.7764452],[-73.9771031,40.7764478]]]},"properties":{"id":"dakota","name":"","h_m":null,"min_h_m":0,"is_part":true}},{"type":"Feature","geometry":{"type":"Polygon","coordinates":[[[-73.9492921,40.8098181],[-73.9491877,40.8097745],[-73.9493156,40.8095975],[-73.9493426,40.8095601],[-73.9495016,40.8096265],[-73.9493847,40.8097883],[-73.949329,40.8098653],[-73.9492745,40.8098425],[-73.9492921,40.8098181]]]},"properties":{"id":"apollo","name":"","h_m":13.1,"min_h_m":0,"is_part":false}},{"type":"Feature","geometry":{"type":"Polygon","coordinates":[[[-73.9505504,40.810379],[-73.9507501,40.8104623],[-73.950705,40.8105247],[-73.9505053,40.8104414],[-73.9505504,40.810379]]]},"properties":{"id":"apollo","name":"","h_m":6.5,"min_h_m":0,"is_part":false}},{"type":"Feature","geometry":{"type":"Polygon","coordinates":[[[-73.9503431,40.8104512],[-73.9503864,40.8103918],[-73.9505053,40.8104414],[-73.950705,40.8105247],[-73.950662,40.8105842],[-73.9504466,40.8104943],[-73.9503431,40.8104512]]]},"properties":{"id":"apollo","name":"","h_m":15.8,"min_h_m":0,"is_part":false}},{"type":"Feature","geometry":{"type":"Polygon","coordinates":[[[-73.9494832,40.8099296],[-73.9496558,40.8096908],[-73.949821,40.8097597],[-73.9496484,40.8099985],[-73.9496425,40.8099961],[-73.9494832,40.8099296]]]},"properties":{"id":"apollo","name":"","h_m":10.1,"min_h_m":0,"is_part":false}},{"type":"Feature","geometry":{"type":"Polygon","coordinates":[[[-73.949821,40.8097597],[-73.9500587,40.8098588],[-73.9499385,40.8100251],[-73.9497916,40.8099638],[-73.9497392,40.8100364],[-73.9496484,40.8099985],[-73.949821,40.8097597]]]},"properties":{"id":"apollo","name":"","h_m":15.5,"min_h_m":0,"is_part":false}},{"type":"Feature","geometry":{"type":"Polygon","coordinates":[[[-73.9499344,40.809173],[-73.9500916,40.8092392],[-73.9499157,40.8094802],[-73.9497585,40.809414],[-73.9499344,40.809173]]]},"properties":{"id":"apollo","name":"","h_m":6.6,"min_h_m":0,"is_part":false}},{"type":"Feature","geometry":{"type":"Polygon","coordinates":[[[-73.9500916,40.8092392],[-73.9501708,40.8092726],[-73.9499949,40.8095136],[-73.9499157,40.8094802],[-73.9500916,40.8092392]]]},"properties":{"id":"apollo","name":"","h_m":5.6,"min_h_m":0,"is_part":false}},{"type":"Feature","geometry":{"type":"Polygon","coordinates":[[[-73.9501708,40.8092726],[-73.9503317,40.8093404],[-73.9501558,40.8095814],[-73.9499949,40.8095136],[-73.9501708,40.8092726]]]},"properties":{"id":"apollo","name":"","h_m":6,"min_h_m":0,"is_part":false}},{"type":"Feature","geometry":{"type":"Polygon","coordinates":[[[-73.9509801,40.8093009],[-73.9511373,40.8093672],[-73.9509733,40.8095919],[-73.950816,40.8095257],[-73.9509801,40.8093009]]]},"properties":{"id":"apollo","name":"","h_m":28,"min_h_m":0,"is_part":false}},{"type":"Feature","geometry":{"type":"Polygon","coordinates":[[[-73.9508068,40.8095384],[-73.950964,40.8096046],[-73.9507869,40.8098473],[-73.9506296,40.8097811],[-73.9508068,40.8095384]]]},"properties":{"id":"apollo","name":"","h_m":6,"min_h_m":0,"is_part":false}},{"type":"Feature","geometry":{"type":"Polygon","coordinates":[[[-73.9502572,40.8105692],[-73.9501826,40.810538],[-73.9502939,40.8103851],[-73.950286,40.8103818],[-73.9502906,40.8103756],[-73.9502671,40.8103659],[-73.9503061,40.8103122],[-73.9503367,40.810325],[-73.950356,40.8102964],[-73.950432,40.8103292],[-73.9503864,40.8103918],[-73.9503431,40.8104512],[-73.9502572,40.8105692]]]},"properties":{"id":"apollo","name":"","h_m":11.1,"min_h_m":0,"is_part":false}},{"type":"Feature","geometry":{"type":"Polygon","coordinates":[[[-73.950662,40.8105842],[-73.9505762,40.810703],[-73.9503607,40.8106131],[-73.9504466,40.8104943],[-73.950662,40.8105842]]]},"properties":{"id":"apollo","name":"","h_m":4.8,"min_h_m":0,"is_part":false}},{"type":"Feature","geometry":{"type":"Polygon","coordinates":[[[-73.9506617,40.8091668],[-73.9508192,40.8092331],[-73.9504687,40.8097132],[-73.9503113,40.8096469],[-73.9506617,40.8091668]]]},"properties":{"id":"apollo","name":"","h_m":10.9,"min_h_m":0,"is_part":false}},{"type":"Feature","geometry":{"type":"Polygon","coordinates":[[[-73.9508192,40.8092331],[-73.9509801,40.8093009],[-73.950816,40.8095257],[-73.9508068,40.8095384],[-73.9506296,40.8097811],[-73.9504687,40.8097132],[-73.9508192,40.8092331]]]},"properties":{"id":"apollo","name":"","h_m":14.1,"min_h_m":0,"is_part":false}},{"type":"Feature","geometry":{"type":"Polygon","coordinates":[[[-73.9511373,40.8093672],[-73.9514544,40.8095008],[-73.9511039,40.8099809],[-73.9507869,40.8098473],[-73.950964,40.8096046],[-73.9509733,40.8095919],[-73.9511373,40.8093672]]]},"properties":{"id":"apollo","name":"","h_m":19.7,"min_h_m":0,"is_part":false}},{"type":"Feature","geometry":{"type":"Polygon","coordinates":[[[-73.9503317,40.8093404],[-73.9501708,40.8092726],[-73.9503454,40.8090334],[-73.9506617,40.8091668],[-73.9503113,40.8096469],[-73.9501558,40.8095814],[-73.9503317,40.8093404]]]},"properties":{"id":"apollo","name":"","h_m":19.5,"min_h_m":0,"is_part":false}},{"type":"Feature","geometry":{"type":"Polygon","coordinates":[[[-73.9505393,40.8103744],[-73.9505686,40.8103338],[-73.950388,40.8102585],[-73.9505277,40.8100612],[-73.9509225,40.8102238],[-73.9507501,40.8104623],[-73.9505504,40.810379],[-73.9505393,40.8103744]]]},"properties":{"id":"apollo","name":"","h_m":24.3,"min_h_m":0,"is_part":false}},{"type":"Feature","geometry":{"type":"Polygon","coordinates":[[[-73.9500587,40.8098588],[-73.9502141,40.80993],[-73.9500423,40.8101652],[-73.9498693,40.8103991],[-73.9495114,40.8102517],[-73.9496591,40.8100473],[-73.9498615,40.8101317],[-73.9499385,40.8100251],[-73.9500587,40.8098588]]]},"properties":{"id":"apollo","name":"Apollo Theater","h_m":20,"min_h_m":0,"is_part":false}},{"type":"Feature","geometry":{"type":"Polygon","coordinates":[[[-73.9498347,40.8088183],[-73.9503454,40.8090334],[-73.9501708,40.8092726],[-73.9500916,40.8092392],[-73.9499344,40.809173],[-73.9497585,40.809414],[-73.9494842,40.8092984],[-73.9498347,40.8088183]]]},"properties":{"id":"apollo","name":"","h_m":39.6,"min_h_m":0,"is_part":false}},{"type":"Feature","geometry":{"type":"Polygon","coordinates":[[[-73.9494244,40.8098049],[-73.9493847,40.8097883],[-73.9495016,40.8096265],[-73.9495798,40.8096591],[-73.9496558,40.8096908],[-73.9494832,40.8099296],[-73.9496425,40.8099961],[-73.949611,40.8100396],[-73.9496028,40.8100362],[-73.9495971,40.8100441],[-73.9495905,40.810059],[-73.9495749,40.8100882],[-73.9495659,40.8101025],[-73.9495457,40.81013],[-73.9495227,40.8101563],[-73.949497,40.8101811],[-73.9494983,40.8101955],[-73.9494702,40.8102345],[-73.9489977,40.8100374],[-73.9490207,40.8100056],[-73.94917,40.809799],[-73.9492745,40.8098425],[-73.949329,40.8098653],[-73.9493687,40.8098819],[-73.9494244,40.8098049]]]},"properties":{"id":"apollo","name":"","h_m":15.8,"min_h_m":0,"is_part":false}},{"type":"Feature","geometry":{"type":"Polygon","coordinates":[[[-73.950356,40.8102964],[-73.9503244,40.8102832],[-73.9500423,40.8101652],[-73.9502141,40.80993],[-73.9505277,40.8100612],[-73.950356,40.8102964]]]},"properties":{"id":"apollo","name":"","h_m":null,"min_h_m":0,"is_part":false}},{"type":"Feature","geometry":{"type":"Polygon","coordinates":[[[-73.9970293,40.731162],[-73.9972203,40.7312544],[-73.9971757,40.7313074],[-73.9969847,40.7312151],[-73.9970293,40.731162]]]},"properties":{"id":"washington-square-arch","name":"Washington Square Arch","h_m":20.5,"min_h_m":0,"is_part":false}},{"type":"Feature","geometry":{"type":"Polygon","coordinates":[[[-73.9983429,40.7307324],[-73.9984032,40.73077],[-73.9984649,40.7307995],[-73.9984489,40.7308349],[-73.9984455,40.7308424],[-73.9983905,40.730834],[-73.9983415,40.7308203],[-73.9982986,40.730803],[-73.9982631,40.7307822],[-73.9982336,40.7307568],[-73.9982175,40.7307304],[-73.9982034,40.7307014],[-73.9981947,40.7306725],[-73.9982544,40.7306582],[-73.9982926,40.7306938],[-73.9983429,40.7307324]]]},"properties":{"id":"washington-square-arch","name":"Washington Square Park House","h_m":4.6,"min_h_m":0,"is_part":false}},{"type":"Feature","geometry":{"type":"Polygon","coordinates":[[[-74.0041708,40.7479649],[-74.0042499,40.7479721],[-74.0042992,40.7479045],[-74.0043636,40.7479314],[-74.0042947,40.7480259],[-74.0042705,40.7480591],[-74.0041415,40.748005],[-74.0041708,40.7479649]]]},"properties":{"id":"high-line","name":"","h_m":null,"min_h_m":0,"is_part":true}},{"type":"Feature","geometry":{"type":"Polygon","coordinates":[[[-74.0055548,40.7480866],[-74.0055791,40.7480536],[-74.005529,40.7480325],[-74.0055047,40.7480655],[-74.0055548,40.7480866]]]},"properties":{"id":"high-line","name":"","h_m":52,"min_h_m":0,"is_part":true}},{"type":"Feature","geometry":{"type":"Polygon","coordinates":[[[-74.005756,40.7481986],[-74.0059128,40.7479832],[-74.0058465,40.7479555],[-74.0058383,40.7479521],[-74.0056815,40.7481675],[-74.005756,40.7481986]]]},"properties":{"id":"high-line","name":"","h_m":15,"min_h_m":0,"is_part":true}},{"type":"Feature","geometry":{"type":"Polygon","coordinates":[[[-74.0055966,40.748061],[-74.0055791,40.7480536],[-74.005529,40.7480325],[-74.0055118,40.7480253],[-74.0055523,40.7479702],[-74.0056371,40.7480059],[-74.0056183,40.7480315],[-74.0055966,40.748061]]]},"properties":{"id":"high-line","name":"","h_m":57.5,"min_h_m":0,"is_part":true}},{"type":"Feature","geometry":{"type":"Polygon","coordinates":[[[-74.0056815,40.7481675],[-74.0058383,40.7479521],[-74.00571,40.7478978],[-74.0057251,40.7478771],[-74.0056893,40.747862],[-74.0054723,40.7477706],[-74.0054188,40.7478442],[-74.0053971,40.7478741],[-74.0053176,40.7479826],[-74.0053004,40.7480069],[-74.0056815,40.7481675]]]},"properties":{"id":"high-line","name":"","h_m":47.5,"min_h_m":0,"is_part":true}},{"type":"Feature","geometry":{"type":"Polygon","coordinates":[[[-74.0051761,40.7478483],[-74.0051849,40.747843],[-74.0051889,40.7478351],[-74.0051871,40.7478267],[-74.0051801,40.7478201],[-74.0051696,40.7478171],[-74.0051585,40.7478184],[-74.0051498,40.7478237],[-74.0051458,40.7478317],[-74.0051476,40.74784],[-74.0051546,40.7478466],[-74.0051651,40.7478497],[-74.0051761,40.7478483]]]},"properties":{"id":"high-line","name":"","h_m":54,"min_h_m":49,"is_part":true}},{"type":"Feature","geometry":{"type":"Polygon","coordinates":[[[-74.0051823,40.7478656],[-74.0051234,40.747841],[-74.0051533,40.7477998],[-74.0051631,40.7478039],[-74.0052123,40.7478245],[-74.0051823,40.7478656]]]},"properties":{"id":"high-line","name":"","h_m":49,"min_h_m":44.3,"is_part":true}},{"type":"Feature","geometry":{"type":"Polygon","coordinates":[[[-74.0053176,40.7479826],[-74.0049542,40.7478298],[-74.0050337,40.7477213],[-74.0051535,40.7477717],[-74.0052417,40.7478088],[-74.0053971,40.7478741],[-74.0053176,40.7479826]]]},"properties":{"id":"high-line","name":"","h_m":44.3,"min_h_m":0,"is_part":true}},{"type":"Feature","geometry":{"type":"Polygon","coordinates":[[[-74.0053004,40.7480069],[-74.0049368,40.7478538],[-74.0049542,40.7478298],[-74.0053176,40.7479826],[-74.0053004,40.7480069]]]},"properties":{"id":"high-line","name":"","h_m":29.5,"min_h_m":0,"is_part":true}},{"type":"Feature","geometry":{"type":"Polygon","coordinates":[[[-74.0054188,40.7478442],[-74.0050322,40.7476815],[-74.0049138,40.7478441],[-74.0049368,40.7478538],[-74.0049542,40.7478298],[-74.0050337,40.7477213],[-74.0051535,40.7477717],[-74.0052417,40.7478088],[-74.0053971,40.7478741],[-74.0054188,40.7478442]]]},"properties":{"id":"high-line","name":"","h_m":5.5,"min_h_m":0,"is_part":true}},{"type":"Feature","geometry":{"type":"Polygon","coordinates":[[[-74.0052417,40.7478088],[-74.0051535,40.7477717],[-74.005171,40.7477475],[-74.0052594,40.7477844],[-74.0052417,40.7478088]]]},"properties":{"id":"high-line","name":"","h_m":29.5,"min_h_m":0,"is_part":true}},{"type":"Feature","geometry":{"type":"Polygon","coordinates":[[[-74.004637,40.7476973],[-74.0045194,40.7476489],[-74.0044649,40.7476264],[-74.0045047,40.747571],[-74.0045734,40.7474753],[-74.0046217,40.7474079],[-74.0047938,40.7474788],[-74.0047135,40.7475911],[-74.0048267,40.7476391],[-74.0047505,40.7477454],[-74.004637,40.7476973]]]},"properties":{"id":"high-line","name":"","h_m":39.7,"min_h_m":0,"is_part":true}},{"type":"Feature","geometry":{"type":"Polygon","coordinates":[[[-74.0047938,40.7474788],[-74.004854,40.7473948],[-74.0046819,40.747324],[-74.0046217,40.7474079],[-74.0047938,40.7474788]]]},"properties":{"id":"high-line","name":"","h_m":23,"min_h_m":0,"is_part":true}},{"type":"Feature","geometry":{"type":"Polygon","coordinates":[[[-74.0046819,40.747324],[-74.0046217,40.7474079],[-74.0045868,40.7473935],[-74.004647,40.7473096],[-74.0046819,40.747324]]]},"properties":{"id":"high-line","name":"","h_m":16.5,"min_h_m":0,"is_part":true}},{"type":"Feature","geometry":{"type":"Polygon","coordinates":[[[-74.0048267,40.7476391],[-74.0049682,40.7474419],[-74.0048869,40.7474084],[-74.004854,40.7473948],[-74.0047938,40.7474788],[-74.0047135,40.7475911],[-74.0048267,40.7476391]]]},"properties":{"id":"high-line","name":"","h_m":5,"min_h_m":0,"is_part":true}},{"type":"Feature","geometry":{"type":"Polygon","coordinates":[[[-74.004637,40.7476973],[-74.0046813,40.7476361],[-74.0047135,40.7475911],[-74.0046048,40.7475463],[-74.0045961,40.7475431],[-74.0046284,40.747498],[-74.0045734,40.7474753],[-74.0045047,40.747571],[-74.0045591,40.7475934],[-74.0045194,40.7476489],[-74.004637,40.7476973]]]},"properties":{"id":"high-line","name":"","h_m":43,"min_h_m":0,"is_part":true}},{"type":"Feature","geometry":{"type":"Polygon","coordinates":[[[-74.0047314,40.747772],[-74.0047505,40.7477454],[-74.0048267,40.7476391],[-74.0047135,40.7475911],[-74.0047938,40.7474788],[-74.0046217,40.7474079],[-74.0045868,40.7473935],[-74.0044102,40.7476398],[-74.0047314,40.747772]]]},"properties":{"id":"high-line","name":"","h_m":26.5,"min_h_m":0,"is_part":true}},{"type":"Feature","geometry":{"type":"Polygon","coordinates":[[[-74.0046293,40.7475844],[-74.0045893,40.7475679],[-74.0046048,40.7475463],[-74.0047135,40.7475911],[-74.0046813,40.7476361],[-74.0046125,40.7476077],[-74.0046293,40.7475844]]]},"properties":{"id":"high-line","name":"","h_m":47,"min_h_m":43,"is_part":true}},{"type":"Feature","geometry":{"type":"Polygon","coordinates":[[[-74.0036392,40.7477982],[-74.0034305,40.7477112],[-74.0034388,40.7476999],[-74.0035178,40.7475913],[-74.003528,40.7475773],[-74.0036525,40.7476296],[-74.0037814,40.7476839],[-74.0039215,40.7477428],[-74.0038834,40.7477952],[-74.0038395,40.7478556],[-74.0037996,40.7479104],[-74.0037702,40.7478981],[-74.0036139,40.747833],[-74.0036392,40.7477982]]]},"properties":{"id":"high-line","name":"","h_m":45,"min_h_m":0,"is_part":true}},{"type":"Feature","geometry":{"type":"Polygon","coordinates":[[[-74.0055117,40.7488256],[-74.0056311,40.7486623],[-74.0053482,40.74854],[-74.0052831,40.7485118],[-74.0049988,40.7483889],[-74.0049345,40.7484774],[-74.005015,40.7485111],[-74.0049544,40.7485946],[-74.0052044,40.7486978],[-74.0052606,40.7487215],[-74.0055117,40.7488256]]]},"properties":{"id":"high-line","name":"","h_m":6,"min_h_m":0,"is_part":true}},{"type":"Feature","geometry":{"type":"Polygon","coordinates":[[[-74.0053469,40.7485166],[-74.0053525,40.7485102],[-74.0053535,40.7485024],[-74.0053496,40.7484953],[-74.0053418,40.7484903],[-74.0053318,40.7484886],[-74.005322,40.7484906],[-74.0053145,40.7484959],[-74.0053111,40.7485032],[-74.0053126,40.7485109],[-74.0053186,40.7485172],[-74.0053277,40.7485206],[-74.0053379,40.7485204],[-74.0053469,40.7485166]]]},"properties":{"id":"high-line","name":"","h_m":52,"min_h_m":47,"is_part":true}},{"type":"Feature","geometry":{"type":"Polygon","coordinates":[[[-74.0052832,40.7483422],[-74.0052969,40.7483239],[-74.0052263,40.7482937],[-74.0052127,40.748312],[-74.0052832,40.7483422]]]},"properties":{"id":"high-line","name":"","h_m":6,"min_h_m":0,"is_part":true}},{"type":"Feature","geometry":{"type":"Polygon","coordinates":[[[-74.0052127,40.748312],[-74.0050924,40.7482601],[-74.0051049,40.7482429],[-74.0052263,40.7482937],[-74.0052127,40.748312]]]},"properties":{"id":"high-line","name":"","h_m":30,"min_h_m":0,"is_part":true}},{"type":"Feature","geometry":{"type":"Polygon","coordinates":[[[-74.0052969,40.7483239],[-74.0056981,40.7484921],[-74.0056813,40.7485149],[-74.0052832,40.7483422],[-74.0052969,40.7483239]]]},"properties":{"id":"high-line","name":"","h_m":30,"min_h_m":0,"is_part":true}},{"type":"Feature","geometry":{"type":"Polygon","coordinates":[[[-74.0049153,40.7487783],[-74.0049403,40.748744],[-74.0048676,40.7487139],[-74.0048429,40.7487479],[-74.0049153,40.7487783]]]},"properties":{"id":"high-line","name":"","h_m":24,"min_h_m":0,"is_part":true}},{"type":"Feature","geometry":{"type":"Polygon","coordinates":[[[-74.0052602,40.7483731],[-74.0052832,40.7483422],[-74.0052127,40.748312],[-74.0051896,40.7483429],[-74.0052602,40.7483731]]]},"properties":{"id":"high-line","name":"","h_m":39,"min_h_m":0,"is_part":true}},{"type":"Feature","geometry":{"type":"Polygon","coordinates":[[[-74.0054246,40.7489448],[-74.0054247,40.7489389],[-74.0048748,40.7487109],[-74.0048676,40.7487139],[-74.0049403,40.748744],[-74.0050471,40.7487883],[-74.0052433,40.7488696],[-74.0053501,40.7489139],[-74.0054246,40.7489448]]]},"properties":{"id":"high-line","name":"","h_m":33,"min_h_m":0,"is_part":true}},{"type":"Feature","geometry":{"type":"Polygon","coordinates":[[[-74.0053482,40.74854],[-74.0053838,40.7484928],[-74.0053601,40.7484825],[-74.0053712,40.7484677],[-74.005306,40.7484395],[-74.0052907,40.7484597],[-74.0053145,40.74847],[-74.0052831,40.7485118],[-74.0053482,40.74854]]]},"properties":{"id":"high-line","name":"","h_m":47,"min_h_m":42,"is_part":true}},{"type":"Feature","geometry":{"type":"Polygon","coordinates":[[[-74.0048676,40.7487139],[-74.0049544,40.7485946],[-74.0052044,40.7486978],[-74.0052606,40.7487215],[-74.0055117,40.7488256],[-74.0054981,40.7488442],[-74.0054246,40.7489448],[-74.0054247,40.7489389],[-74.0048748,40.7487109],[-74.0048676,40.7487139]]]},"properties":{"id":"high-line","name":"","h_m":33,"min_h_m":0,"is_part":true}},{"type":"Feature","geometry":{"type":"Polygon","coordinates":[[[-74.005065,40.7482979],[-74.0056981,40.7485708],[-74.0056949,40.7485751],[-74.0056417,40.7486478],[-74.0056311,40.7486623],[-74.0053482,40.74854],[-74.0052831,40.7485118],[-74.0049988,40.7483889],[-74.005065,40.7482979]]]},"properties":{"id":"high-line","name":"","h_m":42,"min_h_m":0,"is_part":true}},{"type":"Feature","geometry":{"type":"Polygon","coordinates":[[[-74.005065,40.7482979],[-74.0050924,40.7482601],[-74.0052127,40.748312],[-74.0051896,40.7483429],[-74.0052602,40.7483731],[-74.0052832,40.7483422],[-74.0056813,40.7485149],[-74.0057251,40.7485338],[-74.0056981,40.7485708],[-74.005065,40.7482979]]]},"properties":{"id":"high-line","name":"","h_m":42,"min_h_m":0,"is_part":true}},{"type":"Feature","geometry":{"type":"Polygon","coordinates":[[[-74.0044411,40.7485319],[-74.0045107,40.7485611],[-74.0045396,40.7485732],[-74.0045714,40.7485866],[-74.0046322,40.7486121],[-74.0046462,40.7485928],[-74.0046834,40.7485415],[-74.0047231,40.7484868],[-74.004591,40.7484313],[-74.0045327,40.7484068],[-74.0044411,40.7485319]]]},"properties":{"id":"high-line","name":"","h_m":35,"min_h_m":0,"is_part":true}},{"type":"Feature","geometry":{"type":"Polygon","coordinates":[[[-74.0046462,40.7485928],[-74.0046834,40.7485415],[-74.0045446,40.7484836],[-74.0045074,40.748535],[-74.0046462,40.7485928]]]},"properties":{"id":"high-line","name":"","h_m":40,"min_h_m":35,"is_part":true}},{"type":"Feature","geometry":{"type":"Polygon","coordinates":[[[-74.0045449,40.7486228],[-74.004606,40.7486486],[-74.0046322,40.7486121],[-74.0045714,40.7485866],[-74.0045449,40.7486228]]]},"properties":{"id":"high-line","name":"","h_m":35,"min_h_m":31.5,"is_part":true}},{"type":"Feature","geometry":{"type":"Polygon","coordinates":[[[-74.0045131,40.7486094],[-74.0045449,40.7486228],[-74.004606,40.7486486],[-74.0046322,40.7486121],[-74.0045714,40.7485866],[-74.0045396,40.7485732],[-74.0045131,40.7486094]]]},"properties":{"id":"high-line","name":"","h_m":31.5,"min_h_m":28,"is_part":true}},{"type":"Feature","geometry":{"type":"Polygon","coordinates":[[[-74.0047231,40.7484868],[-74.0047722,40.7484192],[-74.004693,40.748386],[-74.0045361,40.7483201],[-74.004501,40.7483684],[-74.0046055,40.7484127],[-74.004591,40.7484313],[-74.0047231,40.7484868]]]},"properties":{"id":"high-line","name":"","h_m":7,"min_h_m":0,"is_part":true}},{"type":"Feature","geometry":{"type":"Polygon","coordinates":[[[-74.0044842,40.7485973],[-74.0043697,40.7485492],[-74.004501,40.7483684],[-74.0046055,40.7484127],[-74.004591,40.7484313],[-74.0045327,40.7484068],[-74.0044411,40.7485319],[-74.0045107,40.7485611],[-74.0045396,40.7485732],[-74.0045714,40.7485866],[-74.0046322,40.7486121],[-74.004606,40.7486486],[-74.0045449,40.7486228],[-74.0045131,40.7486094],[-74.0044842,40.7485973]]]},"properties":{"id":"high-line","name":"","h_m":24.5,"min_h_m":0,"is_part":true}},{"type":"Feature","geometry":{"type":"Polygon","coordinates":[[[-74.0044842,40.7485973],[-74.0045131,40.7486094],[-74.0045449,40.7486228],[-74.004606,40.7486486],[-74.0046322,40.7486121],[-74.0045714,40.7485866],[-74.0045396,40.7485732],[-74.0045107,40.7485611],[-74.0044842,40.7485973]]]},"properties":{"id":"high-line","name":"","h_m":28,"min_h_m":24.5,"is_part":true}},{"type":"Feature","geometry":{"type":"Polygon","coordinates":[[[-73.9783494,40.7599395],[-73.9783117,40.7599902],[-73.9782681,40.7600495],[-73.9782115,40.7601264],[-73.9781683,40.7601851],[-73.9780853,40.760298],[-73.9780372,40.7603633],[-73.9780038,40.760408],[-73.9787252,40.7607198],[-73.9790722,40.7608662],[-73.9793964,40.761003],[-73.9794816,40.7608872],[-73.9794154,40.7608593],[-73.9795981,40.7606107],[-73.9796659,40.7606393],[-73.9797466,40.7605296],[-73.9790743,40.7602459],[-73.9783494,40.7599395]]]},"properties":{"id":"radio-city","name":"1290 Avenue of the Americas","h_m":28,"min_h_m":0,"is_part":true}},{"type":"Feature","geometry":{"type":"Polygon","coordinates":[[[-73.9790567,40.7587447],[-73.9789968,40.75872],[-73.978949,40.7586997],[-73.9789145,40.7587468],[-73.9788915,40.7587368],[-73.9788656,40.7587265],[-73.978754,40.7588774],[-73.9787802,40.758888],[-73.9788037,40.7588981],[-73.9787692,40.7589453],[-73.978817,40.7589654],[-73.9788769,40.7589903],[-73.9789507,40.7590214],[-73.9790342,40.7590565],[-73.9791283,40.759096],[-73.9793927,40.7592072],[-73.9795793,40.7592856],[-73.9796138,40.7592386],[-73.9797952,40.7593149],[-73.9799061,40.7591635],[-73.9797246,40.7590872],[-73.9797592,40.75904],[-73.9795725,40.7589616],[-73.9793083,40.7588505],[-73.9792155,40.7588115],[-73.9791292,40.7587752],[-73.9790567,40.7587447]]]},"properties":{"id":"radio-city","name":"GE Building","h_m":45,"min_h_m":0,"is_part":true}},{"type":"Feature","geometry":{"type":"Polygon","coordinates":[[[-73.9796924,40.7590742],[-73.9795814,40.7592254],[-73.9790688,40.7590096],[-73.9789848,40.7589742],[-73.9789113,40.7589433],[-73.9788516,40.7589181],[-73.9789625,40.7587669],[-73.9790221,40.758792],[-73.9790948,40.7588226],[-73.9791805,40.7588587],[-73.9796924,40.7590742]]]},"properties":{"id":"radio-city","name":"","h_m":260,"min_h_m":0,"is_part":true}},{"type":"Feature","geometry":{"type":"Polygon","coordinates":[[[-73.9800885,40.7595945],[-73.9803646,40.7592188],[-73.9796182,40.7588991],[-73.9795725,40.7589616],[-73.9797592,40.75904],[-73.9797246,40.7590872],[-73.9799061,40.7591635],[-73.9797952,40.7593149],[-73.9796138,40.7592386],[-73.9795793,40.7592856],[-73.9793927,40.7592072],[-73.9793407,40.7592783],[-73.9800885,40.7595945]]]},"properties":{"id":"radio-city","name":"","h_m":43,"min_h_m":0,"is_part":true}},{"type":"Feature","geometry":{"type":"Polygon","coordinates":[[[-73.9800885,40.7595945],[-73.9803646,40.7592188],[-73.9796182,40.7588991],[-73.9793555,40.758787],[-73.9793083,40.7588505],[-73.9795725,40.7589616],[-73.9797592,40.75904],[-73.9797246,40.7590872],[-73.9799061,40.7591635],[-73.9797952,40.7593149],[-73.9796138,40.7592386],[-73.9795793,40.7592856],[-73.9793927,40.7592072],[-73.9791283,40.759096],[-73.9790761,40.7591671],[-73.9793407,40.7592783],[-73.9800885,40.7595945]]]},"properties":{"id":"radio-city","name":"","h_m":40,"min_h_m":0,"is_part":true}},{"type":"Feature","geometry":{"type":"Polygon","coordinates":[[[-73.9792155,40.7588115],[-73.9791805,40.7588587],[-73.9790948,40.7588226],[-73.9790221,40.758792],[-73.9789625,40.7587669],[-73.9788516,40.7589181],[-73.9789113,40.7589433],[-73.9789848,40.7589742],[-73.9790688,40.7590096],[-73.9790342,40.7590565],[-73.9791283,40.759096],[-73.9793927,40.7592072],[-73.9795793,40.7592856],[-73.9796138,40.7592386],[-73.9797952,40.7593149],[-73.9799061,40.7591635],[-73.9797246,40.7590872],[-73.9797592,40.75904],[-73.9795725,40.7589616],[-73.9793083,40.7588505],[-73.9792155,40.7588115]]]},"properties":{"id":"radio-city","name":"","h_m":245,"min_h_m":0,"is_part":true}},{"type":"Feature","geometry":{"type":"Polygon","coordinates":[[[-73.9789145,40.7587468],[-73.9788037,40.7588981],[-73.9788516,40.7589181],[-73.9789113,40.7589433],[-73.9789848,40.7589742],[-73.9789507,40.7590214],[-73.9790342,40.7590565],[-73.9791283,40.759096],[-73.9793927,40.7592072],[-73.9795793,40.7592856],[-73.9796138,40.7592386],[-73.9797952,40.7593149],[-73.9799061,40.7591635],[-73.9797246,40.7590872],[-73.9797592,40.75904],[-73.9795725,40.7589616],[-73.9793083,40.7588505],[-73.9792155,40.7588115],[-73.9791292,40.7587752],[-73.9790948,40.7588226],[-73.9790221,40.758792],[-73.9789625,40.7587669],[-73.9789145,40.7587468]]]},"properties":{"id":"radio-city","name":"","h_m":220,"min_h_m":0,"is_part":true}},{"type":"Feature","geometry":{"type":"Polygon","coordinates":[[[-73.9789113,40.7589433],[-73.9789848,40.7589742],[-73.9790688,40.7590096],[-73.9790342,40.7590565],[-73.9791283,40.759096],[-73.9793927,40.7592072],[-73.9795793,40.7592856],[-73.9796138,40.7592386],[-73.9797952,40.7593149],[-73.9799061,40.7591635],[-73.9797246,40.7590872],[-73.9797592,40.75904],[-73.9795725,40.7589616],[-73.9793083,40.7588505],[-73.9792155,40.7588115],[-73.9791805,40.7588587],[-73.9790948,40.7588226],[-73.9790221,40.758792],[-73.9789625,40.7587669],[-73.9789145,40.7587468],[-73.9788037,40.7588981],[-73.9788516,40.7589181],[-73.9789113,40.7589433]]]},"properties":{"id":"radio-city","name":"","h_m":235,"min_h_m":0,"is_part":true}},{"type":"Feature","geometry":{"type":"Polygon","coordinates":[[[-73.9790567,40.7587447],[-73.9790221,40.758792],[-73.9789625,40.7587669],[-73.9789145,40.7587468],[-73.9788915,40.7587368],[-73.9787802,40.758888],[-73.9788037,40.7588981],[-73.9788516,40.7589181],[-73.9789113,40.7589433],[-73.9788769,40.7589903],[-73.9789507,40.7590214],[-73.9790342,40.7590565],[-73.9791283,40.759096],[-73.9793927,40.7592072],[-73.9795793,40.7592856],[-73.9796138,40.7592386],[-73.9797952,40.7593149],[-73.9799061,40.7591635],[-73.9797246,40.7590872],[-73.9797592,40.75904],[-73.9795725,40.7589616],[-73.9793083,40.7588505],[-73.9792155,40.7588115],[-73.9791292,40.7587752],[-73.9790567,40.7587447]]]},"properties":{"id":"radio-city","name":"","h_m":175,"min_h_m":0,"is_part":true}},{"type":"Feature","geometry":{"type":"Polygon","coordinates":[[[-73.9800885,40.7595945],[-73.9803646,40.7592188],[-73.9796182,40.7588991],[-73.9793555,40.758787],[-73.9791039,40.7586784],[-73.9790567,40.7587447],[-73.9791292,40.7587752],[-73.9792155,40.7588115],[-73.9793083,40.7588505],[-73.9795725,40.7589616],[-73.9797592,40.75904],[-73.9797246,40.7590872],[-73.9799061,40.7591635],[-73.9797952,40.7593149],[-73.9796138,40.7592386],[-73.9795793,40.7592856],[-73.9793927,40.7592072],[-73.9791283,40.759096],[-73.9790342,40.7590565],[-73.9789507,40.7590214],[-73.9788769,40.7589903],[-73.9788248,40.7590614],[-73.9790761,40.7591671],[-73.9793407,40.7592783],[-73.9800885,40.7595945]]]},"properties":{"id":"radio-city","name":"","h_m":20,"min_h_m":0,"is_part":true}},{"type":"Feature","geometry":{"type":"Polygon","coordinates":[[[-73.9793083,40.7588505],[-73.9792155,40.7588115],[-73.9791292,40.7587752],[-73.9790948,40.7588226],[-73.9790221,40.758792],[-73.9789625,40.7587669],[-73.9789145,40.7587468],[-73.9788915,40.7587368],[-73.9787802,40.758888],[-73.9788037,40.7588981],[-73.9788516,40.7589181],[-73.9789113,40.7589433],[-73.9789848,40.7589742],[-73.9789507,40.7590214],[-73.9790342,40.7590565],[-73.9791283,40.759096],[-73.9793927,40.7592072],[-73.9795793,40.7592856],[-73.9796138,40.7592386],[-73.9797952,40.7593149],[-73.9799061,40.7591635],[-73.9797246,40.7590872],[-73.9797592,40.75904],[-73.9795725,40.7589616],[-73.9793083,40.7588505]]]},"properties":{"id":"radio-city","name":"","h_m":190,"min_h_m":0,"is_part":true}},{"type":"Feature","geometry":{"type":"Polygon","coordinates":[[[-73.9799061,40.7591635],[-73.9797246,40.7590872],[-73.9797592,40.75904],[-73.9795725,40.7589616],[-73.9793083,40.7588505],[-73.9792155,40.7588115],[-73.9791292,40.7587752],[-73.9790567,40.7587447],[-73.9789968,40.75872],[-73.9789625,40.7587669],[-73.9789145,40.7587468],[-73.9788915,40.7587368],[-73.9788656,40.7587265],[-73.978754,40.7588774],[-73.9787802,40.758888],[-73.9788037,40.7588981],[-73.9788516,40.7589181],[-73.978817,40.7589654],[-73.9788769,40.7589903],[-73.9789507,40.7590214],[-73.9790342,40.7590565],[-73.9791283,40.759096],[-73.9793927,40.7592072],[-73.9795793,40.7592856],[-73.9796138,40.7592386],[-73.9797952,40.7593149],[-73.9799061,40.7591635]]]},"properties":{"id":"radio-city","name":"","h_m":125,"min_h_m":0,"is_part":true}},{"type":"Feature","geometry":{"type":"Polygon","coordinates":[[[-73.9790567,40.7587447],[-73.9790221,40.758792],[-73.9789625,40.7587669],[-73.9789145,40.7587468],[-73.9788915,40.7587368],[-73.9788656,40.7587265],[-73.978754,40.7588774],[-73.9787802,40.758888],[-73.9788037,40.7588981],[-73.9788516,40.7589181],[-73.9789113,40.7589433],[-73.9788769,40.7589903],[-73.9789507,40.7590214],[-73.9790342,40.7590565],[-73.9791283,40.759096],[-73.9793927,40.7592072],[-73.9795793,40.7592856],[-73.9796138,40.7592386],[-73.9797952,40.7593149],[-73.9799061,40.7591635],[-73.9797246,40.7590872],[-73.9797592,40.75904],[-73.9795725,40.7589616],[-73.9793083,40.7588505],[-73.9792155,40.7588115],[-73.9791292,40.7587752],[-73.9790567,40.7587447]]]},"properties":{"id":"radio-city","name":"","h_m":133,"min_h_m":0,"is_part":true}},{"type":"Feature","geometry":{"type":"Polygon","coordinates":[[[-73.980364,40.7596938],[-73.9801481,40.7596028],[-73.9801387,40.7596157],[-73.9800885,40.7595945],[-73.9803646,40.7592188],[-73.9804249,40.7592442],[-73.9806306,40.7593309],[-73.9806037,40.7593671],[-73.980364,40.7596938]]]},"properties":{"id":"radio-city","name":"","h_m":70,"min_h_m":10,"is_part":true}},{"type":"Feature","geometry":{"type":"Polygon","coordinates":[[[-73.9793843,40.7604428],[-73.9794214,40.7603924],[-73.9797466,40.7605296],[-73.9796659,40.7606393],[-73.9795981,40.7606107],[-73.9794154,40.7608593],[-73.9794816,40.7608872],[-73.9793964,40.761003],[-73.9790722,40.7608662],[-73.9791094,40.7608158],[-73.9787624,40.7606693],[-73.9781252,40.7604004],[-73.9780372,40.7603633],[-73.9780853,40.760298],[-73.9781683,40.7601851],[-73.9782115,40.7601264],[-73.9782681,40.7600495],[-73.9783117,40.7599902],[-73.9784726,40.7600581],[-73.9790371,40.7602963],[-73.9793843,40.7604428]]]},"properties":{"id":"radio-city","name":"","h_m":60,"min_h_m":0,"is_part":true}},{"type":"Feature","geometry":{"type":"Polygon","coordinates":[[[-73.9795448,40.7605106],[-73.9795012,40.7605698],[-73.9795981,40.7606107],[-73.9794154,40.7608593],[-73.9793181,40.7608182],[-73.9792701,40.7608836],[-73.9791094,40.7608158],[-73.9787624,40.7606693],[-73.9787833,40.7606409],[-73.978115,40.7603589],[-73.9781422,40.760322],[-73.9780853,40.760298],[-73.9781683,40.7601851],[-73.9782115,40.7601264],[-73.9782681,40.7600495],[-73.9783926,40.760102],[-73.9784164,40.7600697],[-73.9790173,40.7603233],[-73.9790371,40.7602963],[-73.9793843,40.7604428],[-73.9795448,40.7605106]]]},"properties":{"id":"radio-city","name":"","h_m":64,"min_h_m":0,"is_part":true}},{"type":"Feature","geometry":{"type":"Polygon","coordinates":[[[-73.9787252,40.7607198],[-73.9787428,40.7606958],[-73.9781057,40.760427],[-73.9781252,40.7604004],[-73.9780372,40.7603633],[-73.9780853,40.760298],[-73.9781683,40.7601851],[-73.9782115,40.7601264],[-73.9782681,40.7600495],[-73.9783117,40.7599902],[-73.9784726,40.7600581],[-73.9784932,40.7600301],[-73.9790578,40.7602683],[-73.9790743,40.7602459],[-73.9797466,40.7605296],[-73.9796659,40.7606393],[-73.9795981,40.7606107],[-73.9794154,40.7608593],[-73.9794816,40.7608872],[-73.9793964,40.761003],[-73.9790722,40.7608662],[-73.9787252,40.7607198]]]},"properties":{"id":"radio-city","name":"","h_m":40,"min_h_m":0,"is_part":true}},{"type":"Feature","geometry":{"type":"Polygon","coordinates":[[[-73.9790838,40.7594241],[-73.9798149,40.7597315],[-73.9797883,40.7597678],[-73.9794977,40.7601645],[-73.9794636,40.760211],[-73.9787344,40.7599044],[-73.97877,40.7598554],[-73.9788496,40.7597461],[-73.9789746,40.7595741],[-73.9790565,40.7594616],[-73.9790838,40.7594241]]]},"properties":{"id":"radio-city","name":"Radio City Music Hall","h_m":30,"min_h_m":0,"is_part":true}},{"type":"Feature","geometry":{"type":"Polygon","coordinates":[[[-73.9796481,40.7602886],[-73.9796764,40.7602499],[-73.9795428,40.7601937],[-73.9795741,40.760151],[-73.9798064,40.7598339],[-73.9798376,40.7597914],[-73.9799698,40.759847],[-73.979998,40.7598085],[-73.9798149,40.7597315],[-73.9797883,40.7597678],[-73.9794977,40.7601645],[-73.9794636,40.760211],[-73.9796481,40.7602886]]]},"properties":{"id":"radio-city","name":"","h_m":30,"min_h_m":0,"is_part":true}},{"type":"Feature","geometry":{"type":"Polygon","coordinates":[[[-73.9798668,40.7602092],[-73.9796752,40.7601286],[-73.9798392,40.7599049],[-73.9800308,40.7599855],[-73.9798668,40.7602092]]]},"properties":{"id":"radio-city","name":"","h_m":124.7,"min_h_m":0,"is_part":true}},{"type":"Feature","geometry":{"type":"Polygon","coordinates":[[[-73.9798884,40.7602832],[-73.979916,40.7602948],[-73.9801089,40.7600316],[-73.9801484,40.7599777],[-73.9801208,40.7599661],[-73.9798884,40.7602832]]]},"properties":{"id":"radio-city","name":"","h_m":30,"min_h_m":0,"is_part":true}},{"type":"Feature","geometry":{"type":"Polygon","coordinates":[[[-73.9798278,40.7602577],[-73.9797965,40.7603004],[-73.9796764,40.7602499],[-73.9795428,40.7601937],[-73.9795741,40.760151],[-73.9798278,40.7602577]]]},"properties":{"id":"radio-city","name":"","h_m":110,"min_h_m":0,"is_part":true}},{"type":"Feature","geometry":{"type":"Polygon","coordinates":[[[-73.9800924,40.7598985],[-73.9800613,40.759941],[-73.9798064,40.7598339],[-73.9798376,40.7597914],[-73.9799698,40.759847],[-73.9800924,40.7598985]]]},"properties":{"id":"radio-city","name":"","h_m":110,"min_h_m":0,"is_part":true}},{"type":"Feature","geometry":{"type":"Polygon","coordinates":[[[-73.9798884,40.7602832],[-73.9798278,40.7602577],[-73.9795741,40.760151],[-73.9798064,40.7598339],[-73.9800613,40.759941],[-73.9801208,40.7599661],[-73.9798884,40.7602832]]]},"properties":{"id":"radio-city","name":"","h_m":116.7,"min_h_m":0,"is_part":true}},{"type":"Feature","geometry":{"type":"Polygon","coordinates":[[[-73.9794977,40.7601645],[-73.97877,40.7598554],[-73.9788496,40.7597461],[-73.9789746,40.7595741],[-73.9790565,40.7594616],[-73.9797883,40.7597678],[-73.9794977,40.7601645]]]},"properties":{"id":"radio-city","name":"","h_m":35,"min_h_m":0,"is_part":true}},{"type":"Feature","geometry":{"type":"Polygon","coordinates":[[[-73.9801484,40.7599777],[-73.9802077,40.7598967],[-73.979998,40.7598085],[-73.9799698,40.759847],[-73.9800924,40.7598985],[-73.9800613,40.759941],[-73.9801208,40.7599661],[-73.9801484,40.7599777]]]},"properties":{"id":"radio-city","name":"","h_m":26,"min_h_m":0,"is_part":true}},{"type":"Feature","geometry":{"type":"Polygon","coordinates":[[[-73.9796764,40.7602499],[-73.9796481,40.7602886],[-73.9798564,40.7603761],[-73.979916,40.7602948],[-73.9798884,40.7602832],[-73.9798278,40.7602577],[-73.9797965,40.7603004],[-73.9796764,40.7602499]]]},"properties":{"id":"radio-city","name":"","h_m":26,"min_h_m":0,"is_part":true}},{"type":"Feature","geometry":{"type":"Polygon","coordinates":[[[-73.9815074,40.7608701],[-73.9815119,40.7608639],[-73.9815182,40.7608666],[-73.9815212,40.7608625],[-73.9815291,40.7608658],[-73.9815661,40.7608154],[-73.9815583,40.7608121],[-73.9815659,40.7608017],[-73.9815737,40.760805],[-73.9816144,40.7607495],[-73.9816066,40.7607462],[-73.9816141,40.7607358],[-73.981622,40.7607391],[-73.9816626,40.7606834],[-73.9816548,40.7606802],[-73.9816624,40.7606698],[-73.9816702,40.7606731],[-73.981707,40.7606229],[-73.981699,40.7606196],[-73.9817024,40.760615],[-73.9816968,40.7606127],[-73.981701,40.7606066],[-73.9816302,40.7605769],[-73.9816259,40.7605829],[-73.9816122,40.7605771],[-73.9816165,40.7605712],[-73.9815387,40.7605383],[-73.9815344,40.7605443],[-73.9815207,40.7605385],[-73.981525,40.7605326],[-73.9814471,40.7605],[-73.9814427,40.7605059],[-73.981429,40.7605002],[-73.9814333,40.7604942],[-73.9813556,40.7604616],[-73.9813513,40.7604675],[-73.9813376,40.7604618],[-73.9813419,40.7604559],[-73.9812643,40.7604232],[-73.98126,40.7604292],[-73.9812463,40.7604234],[-73.9812506,40.7604175],[-73.9811727,40.7603849],[-73.9811684,40.7603908],[-73.9811547,40.7603851],[-73.981159,40.7603791],[-73.9810813,40.7603464],[-73.981077,40.7603524],[-73.9810633,40.7603466],[-73.9810676,40.7603407],[-73.9809899,40.760308],[-73.9809855,40.7603139],[-73.9809718,40.7603082],[-73.9809762,40.7603023],[-73.9808984,40.7602696],[-73.9808941,40.7602756],[-73.9808804,40.7602698],[-73.9808847,40.7602639],[-73.9808069,40.7602313],[-73.9808025,40.7602373],[-73.9807888,40.7602315],[-73.9807931,40.7602256],[-73.9807223,40.7601958],[-73.980718,40.7602017],[-73.9807121,40.7601993],[-73.9807089,40.7602036],[-73.980701,40.7602003],[-73.9806641,40.7602509],[-73.980672,40.7602542],[-73.9806644,40.7602646],[-73.9806565,40.7602613],[-73.9806159,40.7603168],[-73.9806237,40.7603201],[-73.9806162,40.7603304],[-73.9806083,40.7603271],[-73.9805676,40.7603827],[-73.9805755,40.760386],[-73.9805679,40.7603964],[-73.9805601,40.7603931],[-73.9805232,40.7604435],[-73.9805311,40.7604468],[-73.9805278,40.7604513],[-73.9805335,40.7604537],[-73.9805292,40.7604596],[-73.9806002,40.7604892],[-73.9806045,40.7604833],[-73.9806182,40.7604891],[-73.9806139,40.760495],[-73.9806916,40.7605278],[-73.9806959,40.7605219],[-73.9807096,40.7605276],[-73.9807053,40.7605335],[-73.980783,40.7605662],[-73.9807873,40.7605603],[-73.980801,40.7605661],[-73.9807966,40.760572],[-73.9808742,40.7606048],[-73.9808786,40.7605988],[-73.9808923,40.7606046],[-73.9808879,40.7606105],[-73.980966,40.7606429],[-73.9809703,40.7606369],[-73.980984,40.7606427],[-73.9809796,40.7606486],[-73.9810574,40.760681],[-73.9810618,40.7606751],[-73.9810755,40.7606809],[-73.9810711,40.7606868],[-73.981149,40.7607196],[-73.9811533,40.7607137],[-73.981167,40.7607195],[-73.9811627,40.7607254],[-73.9812403,40.7607582],[-73.9812446,40.7607523],[-73.9812583,40.760758],[-73.981254,40.760764],[-73.9813318,40.7607962],[-73.9813361,40.7607902],[-73.9813498,40.760796],[-73.9813455,40.7608019],[-73.9814237,40.7608349],[-73.981428,40.760829],[-73.9814417,40.7608348],[-73.9814374,40.7608407],[-73.9815074,40.7608701]]]},"properties":{"id":"radio-city","name":"","h_m":179,"min_h_m":0,"is_part":true}},{"type":"Feature","geometry":{"type":"Polygon","coordinates":[[[-73.9817658,40.7605464],[-73.9818212,40.760576],[-73.9814701,40.7610544],[-73.981421,40.7610338],[-73.9808225,40.7607829],[-73.9801887,40.7605171],[-73.9802773,40.7603959],[-73.9804921,40.760486],[-73.9805155,40.7604538],[-73.9805292,40.7604596],[-73.9806002,40.7604892],[-73.9806139,40.760495],[-73.9806916,40.7605278],[-73.9807053,40.7605335],[-73.980783,40.7605662],[-73.9807966,40.760572],[-73.9808742,40.7606048],[-73.9808879,40.7606105],[-73.980966,40.7606429],[-73.9809796,40.7606486],[-73.9810574,40.760681],[-73.9810711,40.7606868],[-73.981149,40.7607196],[-73.9811627,40.7607254],[-73.9812403,40.7607582],[-73.981254,40.760764],[-73.9813318,40.7607962],[-73.9813455,40.7608019],[-73.9814237,40.7608349],[-73.9814374,40.7608407],[-73.9815074,40.7608701],[-73.9815215,40.7608759],[-73.9815291,40.7608658],[-73.9815661,40.7608154],[-73.9815737,40.760805],[-73.9816144,40.7607495],[-73.981622,40.7607391],[-73.9816626,40.7606834],[-73.9816702,40.7606731],[-73.981707,40.7606229],[-73.9817147,40.7606123],[-73.9817658,40.7605464]]]},"properties":{"id":"radio-city","name":"","h_m":35,"min_h_m":0,"is_part":true}},{"type":"Feature","geometry":{"type":"Polygon","coordinates":[[[-73.9806237,40.7603201],[-73.9806162,40.7603304],[-73.9806083,40.7603271],[-73.9806159,40.7603168],[-73.9806237,40.7603201]]]},"properties":{"id":"radio-city","name":"","h_m":179,"min_h_m":0,"is_part":true}},{"type":"Feature","geometry":{"type":"Polygon","coordinates":[[[-73.980672,40.7602542],[-73.9806644,40.7602646],[-73.9806565,40.7602613],[-73.9806641,40.7602509],[-73.980672,40.7602542]]]},"properties":{"id":"radio-city","name":"","h_m":179,"min_h_m":0,"is_part":true}},{"type":"Feature","geometry":{"type":"Polygon","coordinates":[[[-73.9805755,40.760386],[-73.9805679,40.7603964],[-73.9805601,40.7603931],[-73.9805676,40.7603827],[-73.9805755,40.760386]]]},"properties":{"id":"radio-city","name":"","h_m":179,"min_h_m":0,"is_part":true}},{"type":"Feature","geometry":{"type":"Polygon","coordinates":[[[-73.9805292,40.7604596],[-73.9805335,40.7604537],[-73.9805278,40.7604513],[-73.9805311,40.7604468],[-73.9805232,40.7604435],[-73.9805155,40.7604538],[-73.9805292,40.7604596]]]},"properties":{"id":"radio-city","name":"","h_m":179,"min_h_m":0,"is_part":true}},{"type":"Feature","geometry":{"type":"Polygon","coordinates":[[[-73.9807089,40.7602036],[-73.9807121,40.7601993],[-73.980718,40.7602017],[-73.9807223,40.7601958],[-73.9807086,40.76019],[-73.980701,40.7602003],[-73.9807089,40.7602036]]]},"properties":{"id":"radio-city","name":"","h_m":179,"min_h_m":0,"is_part":true}},{"type":"Feature","geometry":{"type":"Polygon","coordinates":[[[-73.9804495,40.7592088],[-73.9789922,40.7585852],[-73.9789227,40.758684],[-73.9789038,40.7586759],[-73.9788656,40.7587265],[-73.978754,40.7588774],[-73.9787168,40.7589294],[-73.9787357,40.7589375],[-73.9786619,40.7590376],[-73.9801077,40.7596545],[-73.9801387,40.7596157],[-73.9801481,40.7596028],[-73.980364,40.7596938],[-73.9806037,40.7593671],[-73.9806306,40.7593309],[-73.9804249,40.7592442],[-73.9804495,40.7592088]]]},"properties":{"id":"radio-city","name":"","h_m":10,"min_h_m":0,"is_part":true}},{"type":"Feature","geometry":{"type":"Polygon","coordinates":[[[-73.9806036,40.7652841],[-73.9805858,40.7653085],[-73.9805083,40.7654151],[-73.9805852,40.7654472],[-73.9806625,40.7653409],[-73.9807928,40.7653952],[-73.9806603,40.7655773],[-73.9806564,40.7655826],[-73.9806452,40.765598],[-73.9806242,40.7656269],[-73.9802594,40.7654746],[-73.9804288,40.7652418],[-73.9804364,40.765245],[-73.9804535,40.7652214],[-73.9804645,40.765226],[-73.9805085,40.7652444],[-73.9806036,40.7652841]]]},"properties":{"id":"carnegie-hall","name":"Rodin Studios","h_m":null,"min_h_m":0,"is_part":true}},{"type":"Feature","geometry":{"type":"Polygon","coordinates":[[[-73.9808298,40.7653443],[-73.9807718,40.7653201],[-73.9807527,40.7653463],[-73.9806036,40.7652841],[-73.9805085,40.7652444],[-73.9806237,40.765086],[-73.981213,40.7653319],[-73.9810996,40.7654877],[-73.9810511,40.7654674],[-73.9808949,40.7656821],[-73.9806564,40.7655826],[-73.9806603,40.7655773],[-73.9807928,40.7653952],[-73.9808298,40.7653443]]]},"properties":{"id":"carnegie-hall","name":"","h_m":191.5,"min_h_m":0,"is_part":true}},{"type":"Feature","geometry":{"type":"Polygon","coordinates":[[[-73.9804288,40.7652418],[-73.9804364,40.765245],[-73.9804644,40.7652569],[-73.9804854,40.7652658],[-73.9805858,40.7653085],[-73.9805083,40.7654151],[-73.9805852,40.7654472],[-73.9806625,40.7653409],[-73.9807928,40.7653952],[-73.9806603,40.7655773],[-73.9806564,40.7655826],[-73.9806452,40.765598],[-73.9806242,40.7656269],[-73.9802594,40.7654746],[-73.9804288,40.7652418]]]},"properties":{"id":"carnegie-hall","name":"","h_m":44,"min_h_m":0,"is_part":true}},{"type":"Feature","geometry":{"type":"Polygon","coordinates":[[[-73.9805858,40.7653085],[-73.9806036,40.7652841],[-73.9805085,40.7652444],[-73.9804645,40.765226],[-73.9804535,40.7652214],[-73.9804364,40.765245],[-73.9804644,40.7652569],[-73.9804854,40.7652658],[-73.9805858,40.7653085]]]},"properties":{"id":"carnegie-hall","name":"","h_m":4.5,"min_h_m":0,"is_part":true}},{"type":"Feature","geometry":{"type":"Polygon","coordinates":[[[-73.9805085,40.7652444],[-73.9804645,40.765226],[-73.9805973,40.7650435],[-73.9812305,40.7653078],[-73.981213,40.7653319],[-73.9806237,40.765086],[-73.9805085,40.7652444]]]},"properties":{"id":"carnegie-hall","name":"","h_m":50,"min_h_m":0,"is_part":true}},{"type":"Feature","geometry":{"type":"Polygon","coordinates":[[[-73.9796975,40.7643978],[-73.9794805,40.7643066],[-73.9794359,40.7642883],[-73.97948,40.7642796],[-73.9794949,40.7642861],[-73.9795098,40.7642927],[-73.9795247,40.7642993],[-73.979641,40.7643502],[-73.979655,40.7643566],[-73.9796695,40.7643629],[-73.9796839,40.7643693],[-73.9796975,40.7643978]]]},"properties":{"id":"carnegie-hall","name":"","h_m":15,"min_h_m":0,"is_part":true}},{"type":"Feature","geometry":{"type":"Polygon","coordinates":[[[-73.979981,40.7642597],[-73.9794876,40.7640589],[-73.979453,40.7640666],[-73.9793848,40.7641623],[-73.9793912,40.7641902],[-73.9798816,40.7643898],[-73.9799141,40.7643853],[-73.9799301,40.7643911],[-73.9799487,40.7643883],[-73.9800071,40.7643082],[-73.9800011,40.7642906],[-73.9799863,40.7642841],[-73.979981,40.7642597]]]},"properties":{"id":"carnegie-hall","name":"","h_m":150,"min_h_m":22,"is_part":true}},{"type":"Feature","geometry":{"type":"Polygon","coordinates":[[[-73.9795247,40.7642993],[-73.979641,40.7643502],[-73.9797617,40.7643254],[-73.9797722,40.7643233],[-73.9798396,40.7642299],[-73.9798338,40.7642148],[-73.9798048,40.7641351],[-73.9797249,40.7641013],[-73.9796876,40.7640855],[-73.9795748,40.7641088],[-73.9795562,40.7641126],[-73.9794888,40.764206],[-73.9794923,40.7642152],[-73.9795247,40.7642993]]]},"properties":{"id":"carnegie-hall","name":"","h_m":226,"min_h_m":0,"is_part":true}},{"type":"Feature","geometry":{"type":"Polygon","coordinates":[[[-73.9801974,40.7643005],[-73.9801737,40.764335],[-73.98016,40.7643513],[-73.9800234,40.764538],[-73.9796975,40.7643978],[-73.9796839,40.7643693],[-73.9797566,40.7643544],[-73.9798787,40.7644039],[-73.9799486,40.7643951],[-73.9799709,40.7644044],[-73.9799912,40.7644019],[-73.980039,40.7643357],[-73.9800362,40.7643176],[-73.9800133,40.7643075],[-73.9799971,40.764251],[-73.979864,40.764197],[-73.9798485,40.7641536],[-73.9800413,40.7642352],[-73.9801974,40.7643005]]]},"properties":{"id":"carnegie-hall","name":"","h_m":22,"min_h_m":0,"is_part":true}},{"type":"Feature","geometry":{"type":"Polygon","coordinates":[[[-73.9799971,40.764251],[-73.979864,40.764197],[-73.9795769,40.7640804],[-73.9794967,40.7640479],[-73.9794492,40.7640592],[-73.9793726,40.7641632],[-73.9793822,40.7642024],[-73.979463,40.7642352],[-73.9797566,40.7643544],[-73.9798787,40.7644039],[-73.9799486,40.7643951],[-73.9799709,40.7644044],[-73.9799912,40.7644019],[-73.980039,40.7643357],[-73.9800362,40.7643176],[-73.9800133,40.7643075],[-73.9799971,40.764251]]]},"properties":{"id":"carnegie-hall","name":"","h_m":90,"min_h_m":0,"is_part":true}},{"type":"Feature","geometry":{"type":"Polygon","coordinates":[[[-73.9799648,40.7642684],[-73.9798631,40.7642268],[-73.9798484,40.7642208],[-73.9798338,40.7642148],[-73.9795748,40.7641088],[-73.9795596,40.7641026],[-73.9795445,40.7640964],[-73.9795312,40.764091],[-73.979479,40.7640706],[-73.9794585,40.7640751],[-73.9793967,40.7641618],[-73.9794006,40.7641786],[-73.9794532,40.7641992],[-73.9794637,40.7642035],[-73.9794777,40.7642092],[-73.9794923,40.7642152],[-73.9797617,40.7643254],[-73.9797769,40.7643316],[-73.9797895,40.7643368],[-73.9797999,40.7643411],[-73.9798846,40.7643757],[-73.9799025,40.7643732],[-73.9799677,40.7642818],[-73.9799648,40.7642684]]]},"properties":{"id":"carnegie-hall","name":"","h_m":200,"min_h_m":150,"is_part":true}},{"type":"Feature","geometry":{"type":"Polygon","coordinates":[[[-73.9797769,40.7643316],[-73.979655,40.7643566],[-73.979641,40.7643502],[-73.9797617,40.7643254],[-73.9797769,40.7643316]]]},"properties":{"id":"carnegie-hall","name":"","h_m":200,"min_h_m":0,"is_part":true}},{"type":"Feature","geometry":{"type":"Polygon","coordinates":[[[-73.979655,40.7643566],[-73.9796695,40.7643629],[-73.9797882,40.7643386],[-73.9797895,40.7643368],[-73.9797769,40.7643316],[-73.979655,40.7643566]]]},"properties":{"id":"carnegie-hall","name":"","h_m":150,"min_h_m":0,"is_part":true}},{"type":"Feature","geometry":{"type":"Polygon","coordinates":[[[-73.9796695,40.7643629],[-73.9796839,40.7643693],[-73.9797566,40.7643544],[-73.9797962,40.7643463],[-73.9797999,40.7643411],[-73.9797895,40.7643368],[-73.9797882,40.7643386],[-73.9796695,40.7643629]]]},"properties":{"id":"carnegie-hall","name":"","h_m":90,"min_h_m":0,"is_part":true}},{"type":"Feature","geometry":{"type":"Polygon","coordinates":[[[-73.9795414,40.7642893],[-73.9796438,40.7643341],[-73.9797589,40.7643105],[-73.9798183,40.7642281],[-73.979787,40.7641465],[-73.9796846,40.7641018],[-73.9795695,40.7641254],[-73.9795101,40.7642077],[-73.9795414,40.7642893]]]},"properties":{"id":"carnegie-hall","name":"","h_m":230,"min_h_m":226,"is_part":true}},{"type":"Feature","geometry":{"type":"Polygon","coordinates":[[[-73.9804758,40.7660022],[-73.9803944,40.7661138],[-73.9802065,40.7660346],[-73.9802689,40.7659491],[-73.9802681,40.7659388],[-73.9802813,40.7659208],[-73.980295,40.7659132],[-73.9803007,40.7659055],[-73.9802513,40.7658847],[-73.9802456,40.7658924],[-73.9802432,40.7659047],[-73.98023,40.7659228],[-73.9802189,40.765929],[-73.9801526,40.76602],[-73.9799409,40.7659308],[-73.9801036,40.7657146],[-73.9806534,40.765943],[-73.9805152,40.7661325],[-73.9804785,40.766117],[-73.9805154,40.7660665],[-73.980505,40.7660621],[-73.9805316,40.7660257],[-73.9804758,40.7660022]]]},"properties":{"id":"carnegie-hall","name":"The Osborne","h_m":50.4,"min_h_m":0,"is_part":true}},{"type":"Feature","geometry":{"type":"Polygon","coordinates":[[[-73.979251,40.7650314],[-73.9794229,40.7647973],[-73.9794945,40.7646997],[-73.9794599,40.7646852],[-73.9794006,40.7646603],[-73.9792896,40.7646135],[-73.9792822,40.7646233],[-73.9792128,40.764594],[-73.9791777,40.7646432],[-73.9791397,40.7646274],[-73.9791495,40.7646719],[-73.9791548,40.7646941],[-73.9791724,40.7647697],[-73.9792121,40.7649406],[-73.9792254,40.7649977],[-73.9792312,40.7650228],[-73.979251,40.7650314]]]},"properties":{"id":"carnegie-hall","name":"","h_m":218,"min_h_m":0,"is_part":true}},{"type":"Feature","geometry":{"type":"Polygon","coordinates":[[[-73.9792121,40.7649406],[-73.9790829,40.7648874],[-73.9791724,40.7647697],[-73.9792121,40.7649406]]]},"properties":{"id":"carnegie-hall","name":"","h_m":65,"min_h_m":0,"is_part":true}},{"type":"Feature","geometry":{"type":"Polygon","coordinates":[[[-73.9790016,40.7649031],[-73.9789886,40.7649208],[-73.9790351,40.7649405],[-73.9791703,40.7649977],[-73.9791877,40.765005],[-73.9792007,40.7649874],[-73.9790016,40.7649031]]]},"properties":{"id":"carnegie-hall","name":"","h_m":40,"min_h_m":0,"is_part":true}},{"type":"Feature","geometry":{"type":"Polygon","coordinates":[[[-73.9790016,40.7649031],[-73.9791548,40.7646941],[-73.9791724,40.7647697],[-73.9792121,40.7649406],[-73.9792254,40.7649977],[-73.9792007,40.7649874],[-73.9790016,40.7649031]]]},"properties":{"id":"carnegie-hall","name":"","h_m":60,"min_h_m":0,"is_part":true}},{"type":"Feature","geometry":{"type":"Polygon","coordinates":[[[-73.9792896,40.7646135],[-73.9792822,40.7646233],[-73.9792128,40.764594],[-73.9791777,40.7646432],[-73.9791397,40.7646274],[-73.9791828,40.7645685],[-73.9792724,40.7646063],[-73.9792896,40.7646135]]]},"properties":{"id":"carnegie-hall","name":"","h_m":65,"min_h_m":0,"is_part":true}},{"type":"Feature","geometry":{"type":"Polygon","coordinates":[[[-73.9793543,40.7654283],[-73.9793334,40.7654569],[-73.9793141,40.7654828],[-73.9792804,40.7655289],[-73.9791234,40.7654626],[-73.979157,40.765417],[-73.9791764,40.7653907],[-73.9790605,40.7653417],[-73.9790816,40.7653131],[-73.9792228,40.7653728],[-73.9793543,40.7654283]]]},"properties":{"id":"carnegie-hall","name":"","h_m":95,"min_h_m":0,"is_part":true}},{"type":"Feature","geometry":{"type":"Polygon","coordinates":[[[-73.9793141,40.7654828],[-73.9792804,40.7655289],[-73.979247,40.7655745],[-73.9791985,40.765641],[-73.9791303,40.7657345],[-73.9789152,40.7656444],[-73.9789961,40.7655336],[-73.9790319,40.7654844],[-73.9789424,40.7654471],[-73.9789569,40.7654273],[-73.9790096,40.7653552],[-73.9790993,40.7653928],[-73.979157,40.765417],[-73.9793141,40.7654828]]]},"properties":{"id":"carnegie-hall","name":"","h_m":298.6,"min_h_m":0,"is_part":true}},{"type":"Feature","geometry":{"type":"Polygon","coordinates":[[[-73.9793543,40.7654283],[-73.9793753,40.7653997],[-73.9792436,40.7653444],[-73.9792228,40.7653728],[-73.9792017,40.7654016],[-73.9793334,40.7654569],[-73.9793543,40.7654283]]]},"properties":{"id":"carnegie-hall","name":"","h_m":45,"min_h_m":0,"is_part":true}},{"type":"Feature","geometry":{"type":"Polygon","coordinates":[[[-73.9788238,40.7652051],[-73.9788031,40.7652334],[-73.9788947,40.7652721],[-73.9790605,40.7653417],[-73.9791764,40.7653907],[-73.9792017,40.7654016],[-73.9792228,40.7653728],[-73.9792436,40.7653444],[-73.9788446,40.7651767],[-73.9788238,40.7652051]]]},"properties":{"id":"carnegie-hall","name":"","h_m":35,"min_h_m":0,"is_part":true}},{"type":"Feature","geometry":{"type":"Polygon","coordinates":[[[-73.9796752,40.7645858],[-73.9796659,40.7645981],[-73.9798389,40.764671],[-73.9798486,40.7646578],[-73.9796752,40.7645858]]]},"properties":{"id":"carnegie-hall","name":"","h_m":20,"min_h_m":0,"is_part":true}},{"type":"Feature","geometry":{"type":"Polygon","coordinates":[[[-73.9797994,40.7647248],[-73.9798574,40.7647493],[-73.9797257,40.7649287],[-73.9796677,40.7649043],[-73.9797994,40.7647248]]]},"properties":{"id":"carnegie-hall","name":"","h_m":170,"min_h_m":0,"is_part":true}},{"type":"Feature","geometry":{"type":"Polygon","coordinates":[[[-73.9797994,40.7647248],[-73.9798257,40.764689],[-73.9796527,40.7646161],[-73.9796264,40.764652],[-73.9797994,40.7647248]]]},"properties":{"id":"carnegie-hall","name":"","h_m":50,"min_h_m":0,"is_part":true}},{"type":"Feature","geometry":{"type":"Polygon","coordinates":[[[-73.9795368,40.7650825],[-73.9794975,40.765136],[-73.979325,40.7650628],[-73.9793638,40.7650096],[-73.9795368,40.7650825]]]},"properties":{"id":"carnegie-hall","name":"","h_m":25,"min_h_m":0,"is_part":true}},{"type":"Feature","geometry":{"type":"Polygon","coordinates":[[[-73.9798257,40.764689],[-73.9798389,40.764671],[-73.9796659,40.7645981],[-73.9796527,40.7646161],[-73.9798257,40.764689]]]},"properties":{"id":"carnegie-hall","name":"","h_m":25,"min_h_m":0,"is_part":true}},{"type":"Feature","geometry":{"type":"Polygon","coordinates":[[[-73.9797994,40.7647248],[-73.9796677,40.7649043],[-73.9795368,40.7650825],[-73.9793638,40.7650096],[-73.9794967,40.7648286],[-73.9796264,40.764652],[-73.9797994,40.7647248]]]},"properties":{"id":"carnegie-hall","name":"","h_m":231,"min_h_m":0,"is_part":true}},{"type":"Feature","geometry":{"type":"Polygon","coordinates":[[[-73.9806452,40.765598],[-73.9803169,40.7654615],[-73.9804644,40.7652569],[-73.9804854,40.7652658],[-73.9805858,40.7653085],[-73.9805083,40.7654151],[-73.9805852,40.7654472],[-73.9806625,40.7653409],[-73.9807928,40.7653952],[-73.9806603,40.7655773],[-73.9806564,40.7655826],[-73.9806452,40.765598]]]},"properties":{"id":"carnegie-hall","name":"","h_m":47,"min_h_m":44,"is_part":true}},{"type":"Feature","geometry":{"type":"Polygon","coordinates":[[[-73.9806603,40.7655773],[-73.9804702,40.7654931],[-73.9804796,40.7654813],[-73.9804335,40.7654618],[-73.9804208,40.7654533],[-73.9804113,40.7654434],[-73.9804051,40.7654323],[-73.9804022,40.7654201],[-73.980403,40.765408],[-73.9804075,40.7653958],[-73.9804158,40.7653845],[-73.9804044,40.7653793],[-73.9804854,40.7652658],[-73.9805858,40.7653085],[-73.9805083,40.7654151],[-73.9805852,40.7654472],[-73.9806625,40.7653409],[-73.9807928,40.7653952],[-73.9806603,40.7655773]]]},"properties":{"id":"carnegie-hall","name":"","h_m":50,"min_h_m":47,"is_part":true}},{"type":"Feature","geometry":{"type":"Polygon","coordinates":[[[-73.9804634,40.7654456],[-73.9804254,40.7654298],[-73.9804498,40.765396],[-73.9804878,40.7654117],[-73.9804634,40.7654456]]]},"properties":{"id":"carnegie-hall","name":"","h_m":52,"min_h_m":50,"is_part":true}},{"type":"Feature","geometry":{"type":"Polygon","coordinates":[[[-73.9808938,40.7648655],[-73.9808005,40.7648252],[-73.9807849,40.7648195],[-73.9808432,40.7648023],[-73.9809206,40.7648353],[-73.9809589,40.7648517],[-73.9811559,40.7649361],[-73.9811989,40.7649545],[-73.9813329,40.7650118],[-73.9813131,40.7650384],[-73.9813085,40.7650446],[-73.9812751,40.7650301],[-73.9811687,40.7649842],[-73.9808938,40.7648655]]]},"properties":{"id":"carnegie-hall","name":"","h_m":80,"min_h_m":0,"is_part":true}},{"type":"Feature","geometry":{"type":"Polygon","coordinates":[[[-73.9807912,40.764811],[-73.9808613,40.7647158],[-73.9808366,40.7647053],[-73.9807666,40.7648006],[-73.9807912,40.764811]]]},"properties":{"id":"carnegie-hall","name":"","h_m":67,"min_h_m":0,"is_part":true}},{"type":"Feature","geometry":{"type":"Polygon","coordinates":[[[-73.9808992,40.7647558],[-73.9808829,40.7647489],[-73.9808677,40.7647071],[-73.9808828,40.7647133],[-73.9808992,40.7647558]]]},"properties":{"id":"carnegie-hall","name":"","h_m":80,"min_h_m":0,"is_part":true}},{"type":"Feature","geometry":{"type":"Polygon","coordinates":[[[-73.9809997,40.764816],[-73.9809759,40.7647609],[-73.9809694,40.7647696],[-73.9809206,40.7648353],[-73.9809997,40.764816]]]},"properties":{"id":"carnegie-hall","name":"","h_m":94,"min_h_m":0,"is_part":true}},{"type":"Feature","geometry":{"type":"Polygon","coordinates":[[[-73.9809511,40.7648625],[-73.9809589,40.7648517],[-73.9808938,40.7648655],[-73.9808878,40.7648735],[-73.9809511,40.7648625]]]},"properties":{"id":"carnegie-hall","name":"","h_m":80,"min_h_m":0,"is_part":true}},{"type":"Feature","geometry":{"type":"Polygon","coordinates":[[[-73.9808924,40.7649011],[-73.981137,40.7650056],[-73.9811509,40.7649871],[-73.9809069,40.7648818],[-73.9808924,40.7649011]]]},"properties":{"id":"carnegie-hall","name":"","h_m":62,"min_h_m":0,"is_part":true}},{"type":"Feature","geometry":{"type":"Polygon","coordinates":[[[-73.9809206,40.7648353],[-73.9809694,40.7647696],[-73.9809083,40.7647436],[-73.9808992,40.7647558],[-73.9808829,40.7647489],[-73.9808432,40.7648023],[-73.9809206,40.7648353]]]},"properties":{"id":"carnegie-hall","name":"","h_m":80,"min_h_m":0,"is_part":true}},{"type":"Feature","geometry":{"type":"Polygon","coordinates":[[[-73.9808924,40.7649011],[-73.9807797,40.7648529],[-73.9808005,40.7648252],[-73.9808938,40.7648655],[-73.9808878,40.7648735],[-73.9809069,40.7648818],[-73.9808924,40.7649011]]]},"properties":{"id":"carnegie-hall","name":"","h_m":67,"min_h_m":0,"is_part":true}},{"type":"Feature","geometry":{"type":"Polygon","coordinates":[[[-73.9811626,40.7649922],[-73.9811486,40.7649468],[-73.9809511,40.7648625],[-73.9808878,40.7648735],[-73.9809069,40.7648818],[-73.9811509,40.7649871],[-73.9811626,40.7649922]]]},"properties":{"id":"carnegie-hall","name":"","h_m":80,"min_h_m":0,"is_part":true}},{"type":"Feature","geometry":{"type":"Polygon","coordinates":[[[-73.9807797,40.7648529],[-73.9807405,40.7648361],[-73.9807666,40.7648006],[-73.9807912,40.764811],[-73.9807849,40.7648195],[-73.9808005,40.7648252],[-73.9807797,40.7648529]]]},"properties":{"id":"carnegie-hall","name":"","h_m":62,"min_h_m":0,"is_part":true}},{"type":"Feature","geometry":{"type":"Polygon","coordinates":[[[-73.9808677,40.7647071],[-73.9808829,40.7647489],[-73.9808432,40.7648023],[-73.9807849,40.7648195],[-73.9807912,40.764811],[-73.9808613,40.7647158],[-73.9808677,40.7647071]]]},"properties":{"id":"carnegie-hall","name":"","h_m":80,"min_h_m":0,"is_part":true}},{"type":"Feature","geometry":{"type":"Polygon","coordinates":[[[-73.9811989,40.7649545],[-73.9811743,40.7648898],[-73.9810808,40.7648498],[-73.9809997,40.764816],[-73.9809206,40.7648353],[-73.9809589,40.7648517],[-73.9811559,40.7649361],[-73.9811989,40.7649545]]]},"properties":{"id":"carnegie-hall","name":"","h_m":94,"min_h_m":0,"is_part":true}},{"type":"Feature","geometry":{"type":"Polygon","coordinates":[[[-73.9809032,40.7646854],[-73.9808636,40.7646687],[-73.9808366,40.7647053],[-73.9808613,40.7647158],[-73.9808677,40.7647071],[-73.9808828,40.7647133],[-73.9808915,40.7647013],[-73.9809032,40.7646854]]]},"properties":{"id":"carnegie-hall","name":"","h_m":62,"min_h_m":0,"is_part":true}},{"type":"Feature","geometry":{"type":"Polygon","coordinates":[[[-73.9818849,40.7532019],[-73.9820165,40.7532565],[-73.9819795,40.7533084],[-73.9817211,40.7531984],[-73.9817606,40.7531446],[-73.9816942,40.7531158],[-73.9817686,40.753014],[-73.9818541,40.7528973],[-73.9819179,40.7529241],[-73.9819668,40.752858],[-73.9820524,40.752894],[-73.9821988,40.7529553],[-73.982224,40.7529659],[-73.9821883,40.7530146],[-73.9820592,40.7529617],[-73.9818849,40.7532019]]]},"properties":{"id":"nypl-main","name":"","h_m":22,"min_h_m":0,"is_part":true}},{"type":"Feature","geometry":{"type":"Polygon","coordinates":[[[-73.9819795,40.7533084],[-73.9820165,40.7532565],[-73.9821883,40.7530146],[-73.982224,40.7529659],[-73.982322,40.7528322],[-73.9825731,40.7529379],[-73.9828865,40.7530737],[-73.9829481,40.752993],[-73.9829495,40.7529913],[-73.9829827,40.752948],[-73.9826105,40.7527907],[-73.9825202,40.7527526],[-73.982157,40.7525994],[-73.9819668,40.752858],[-73.9819179,40.7529241],[-73.9817606,40.7531446],[-73.9817211,40.7531984],[-73.9815082,40.7534906],[-73.9818482,40.7536337],[-73.9819696,40.7536841],[-73.9823315,40.7538369],[-73.9823919,40.7537554],[-73.9823952,40.7537509],[-73.9824346,40.7536966],[-73.9821195,40.7535632],[-73.9818706,40.7534615],[-73.9819795,40.7533084]]]},"properties":{"id":"nypl-main","name":"","h_m":22,"min_h_m":0,"is_part":true}},{"type":"Feature","geometry":{"type":"Polygon","coordinates":[[[-73.9821988,40.7529553],[-73.9820524,40.752894],[-73.9821949,40.7526937],[-73.9823423,40.7527539],[-73.9821988,40.7529553]]]},"properties":{"id":"nypl-main","name":"","h_m":24,"min_h_m":0,"is_part":true}},{"type":"Feature","geometry":{"type":"Polygon","coordinates":[[[-73.9818849,40.7532019],[-73.9820592,40.7529617],[-73.9821883,40.7530146],[-73.9824405,40.7531207],[-73.9825972,40.7531857],[-73.9824205,40.7534257],[-73.9822665,40.7533606],[-73.9820165,40.7532565],[-73.9818849,40.7532019]]]},"properties":{"id":"nypl-main","name":"","h_m":35,"min_h_m":0,"is_part":true}},{"type":"Feature","geometry":{"type":"Polygon","coordinates":[[[-73.9820756,40.7536237],[-73.9821195,40.7535632],[-73.9822665,40.7533606],[-73.9824405,40.7531207],[-73.9825731,40.7529379],[-73.9826309,40.7528582],[-73.9829495,40.7529913],[-73.9829481,40.752993],[-73.9828865,40.7530737],[-73.9824544,40.7536694],[-73.9824346,40.7536966],[-73.9823952,40.7537509],[-73.9823919,40.7537554],[-73.9820756,40.7536237]]]},"properties":{"id":"nypl-main","name":"","h_m":35,"min_h_m":0,"is_part":true}},{"type":"Feature","geometry":{"type":"Polygon","coordinates":[[[-73.9828968,40.753078],[-73.9828865,40.7530737],[-73.9829481,40.752993],[-73.9829564,40.7529964],[-73.9828968,40.753078]]]},"properties":{"id":"nypl-main","name":"","h_m":29,"min_h_m":0,"is_part":true}},{"type":"Feature","geometry":{"type":"Polygon","coordinates":[[[-73.9818549,40.7532364],[-73.9817394,40.7531884],[-73.9819696,40.7528711],[-73.9820851,40.7529191],[-73.9818549,40.7532364]]]},"properties":{"id":"nypl-main","name":"","h_m":24,"min_h_m":0,"is_part":true}},{"type":"Feature","geometry":{"type":"Polygon","coordinates":[[[-73.9819696,40.7536841],[-73.9819656,40.7536896],[-73.9819051,40.7536644],[-73.9818442,40.7536392],[-73.9818482,40.7536337],[-73.9819696,40.7536841]]]},"properties":{"id":"nypl-main","name":"","h_m":29,"min_h_m":0,"is_part":true}},{"type":"Feature","geometry":{"type":"Polygon","coordinates":[[[-73.9824614,40.7536727],[-73.9824544,40.7536694],[-73.9824346,40.7536966],[-73.9823952,40.7537509],[-73.9824021,40.7537539],[-73.9824614,40.7536727]]]},"properties":{"id":"nypl-main","name":"","h_m":29,"min_h_m":0,"is_part":true}},{"type":"Feature","geometry":{"type":"Polygon","coordinates":[[[-73.9824405,40.7531207],[-73.9825731,40.7529379],[-73.982322,40.7528322],[-73.982224,40.7529659],[-73.9821883,40.7530146],[-73.9824405,40.7531207]]]},"properties":{"id":"nypl-main","name":"","h_m":15,"min_h_m":0,"is_part":true}},{"type":"Feature","geometry":{"type":"Polygon","coordinates":[[[-73.9821195,40.7535632],[-73.9822665,40.7533606],[-73.9820165,40.7532565],[-73.9819795,40.7533084],[-73.9818706,40.7534615],[-73.9821195,40.7535632]]]},"properties":{"id":"nypl-main","name":"","h_m":15,"min_h_m":0,"is_part":true}},{"type":"Feature","geometry":{"type":"Polygon","coordinates":[[[-73.9970293,40.731162],[-73.9972203,40.7312544],[-73.9971757,40.7313074],[-73.9969847,40.7312151],[-73.9970293,40.731162]]]},"properties":{"id":"one-fifth","name":"Washington Square Arch","h_m":20.5,"min_h_m":0,"is_part":false}},{"type":"Feature","geometry":{"type":"Polygon","coordinates":[[[-73.9983429,40.7307324],[-73.9984032,40.73077],[-73.9984649,40.7307995],[-73.9984489,40.7308349],[-73.9984455,40.7308424],[-73.9983905,40.730834],[-73.9983415,40.7308203],[-73.9982986,40.730803],[-73.9982631,40.7307822],[-73.9982336,40.7307568],[-73.9982175,40.7307304],[-73.9982034,40.7307014],[-73.9981947,40.7306725],[-73.9982544,40.7306582],[-73.9982926,40.7306938],[-73.9983429,40.7307324]]]},"properties":{"id":"one-fifth","name":"Washington Square Park House","h_m":4.6,"min_h_m":0,"is_part":false}},{"type":"Feature","geometry":{"type":"Polygon","coordinates":[[[-73.9790567,40.7587447],[-73.9789968,40.75872],[-73.978949,40.7586997],[-73.9789145,40.7587468],[-73.9788915,40.7587368],[-73.9788656,40.7587265],[-73.978754,40.7588774],[-73.9787802,40.758888],[-73.9788037,40.7588981],[-73.9787692,40.7589453],[-73.978817,40.7589654],[-73.9788769,40.7589903],[-73.9789507,40.7590214],[-73.9790342,40.7590565],[-73.9791283,40.759096],[-73.9793927,40.7592072],[-73.9795793,40.7592856],[-73.9796138,40.7592386],[-73.9797952,40.7593149],[-73.9799061,40.7591635],[-73.9797246,40.7590872],[-73.9797592,40.75904],[-73.9795725,40.7589616],[-73.9793083,40.7588505],[-73.9792155,40.7588115],[-73.9791292,40.7587752],[-73.9790567,40.7587447]]]},"properties":{"id":"rockefeller","h_m":45,"min_h_m":0,"is_part":true}},{"type":"Feature","geometry":{"type":"Polygon","coordinates":[[[-73.9796924,40.7590742],[-73.9795814,40.7592254],[-73.9790688,40.7590096],[-73.9789848,40.7589742],[-73.9789113,40.7589433],[-73.9788516,40.7589181],[-73.9789625,40.7587669],[-73.9790221,40.758792],[-73.9790948,40.7588226],[-73.9791805,40.7588587],[-73.9796924,40.7590742]]]},"properties":{"id":"rockefeller","h_m":260,"min_h_m":0,"is_part":true}},{"type":"Feature","geometry":{"type":"Polygon","coordinates":[[[-73.9800885,40.7595945],[-73.9803646,40.7592188],[-73.9796182,40.7588991],[-73.9795725,40.7589616],[-73.9797592,40.75904],[-73.9797246,40.7590872],[-73.9799061,40.7591635],[-73.9797952,40.7593149],[-73.9796138,40.7592386],[-73.9795793,40.7592856],[-73.9793927,40.7592072],[-73.9793407,40.7592783],[-73.9800885,40.7595945]]]},"properties":{"id":"rockefeller","h_m":43,"min_h_m":0,"is_part":true}},{"type":"Feature","geometry":{"type":"Polygon","coordinates":[[[-73.9800885,40.7595945],[-73.9803646,40.7592188],[-73.9796182,40.7588991],[-73.9793555,40.758787],[-73.9793083,40.7588505],[-73.9795725,40.7589616],[-73.9797592,40.75904],[-73.9797246,40.7590872],[-73.9799061,40.7591635],[-73.9797952,40.7593149],[-73.9796138,40.7592386],[-73.9795793,40.7592856],[-73.9793927,40.7592072],[-73.9791283,40.759096],[-73.9790761,40.7591671],[-73.9793407,40.7592783],[-73.9800885,40.7595945]]]},"properties":{"id":"rockefeller","h_m":40,"min_h_m":0,"is_part":true}},{"type":"Feature","geometry":{"type":"Polygon","coordinates":[[[-73.9792155,40.7588115],[-73.9791805,40.7588587],[-73.9790948,40.7588226],[-73.9790221,40.758792],[-73.9789625,40.7587669],[-73.9788516,40.7589181],[-73.9789113,40.7589433],[-73.9789848,40.7589742],[-73.9790688,40.7590096],[-73.9790342,40.7590565],[-73.9791283,40.759096],[-73.9793927,40.7592072],[-73.9795793,40.7592856],[-73.9796138,40.7592386],[-73.9797952,40.7593149],[-73.9799061,40.7591635],[-73.9797246,40.7590872],[-73.9797592,40.75904],[-73.9795725,40.7589616],[-73.9793083,40.7588505],[-73.9792155,40.7588115]]]},"properties":{"id":"rockefeller","h_m":245,"min_h_m":0,"is_part":true}},{"type":"Feature","geometry":{"type":"Polygon","coordinates":[[[-73.9789145,40.7587468],[-73.9788037,40.7588981],[-73.9788516,40.7589181],[-73.9789113,40.7589433],[-73.9789848,40.7589742],[-73.9789507,40.7590214],[-73.9790342,40.7590565],[-73.9791283,40.759096],[-73.9793927,40.7592072],[-73.9795793,40.7592856],[-73.9796138,40.7592386],[-73.9797952,40.7593149],[-73.9799061,40.7591635],[-73.9797246,40.7590872],[-73.9797592,40.75904],[-73.9795725,40.7589616],[-73.9793083,40.7588505],[-73.9792155,40.7588115],[-73.9791292,40.7587752],[-73.9790948,40.7588226],[-73.9790221,40.758792],[-73.9789625,40.7587669],[-73.9789145,40.7587468]]]},"properties":{"id":"rockefeller","h_m":220,"min_h_m":0,"is_part":true}},{"type":"Feature","geometry":{"type":"Polygon","coordinates":[[[-73.9789113,40.7589433],[-73.9789848,40.7589742],[-73.9790688,40.7590096],[-73.9790342,40.7590565],[-73.9791283,40.759096],[-73.9793927,40.7592072],[-73.9795793,40.7592856],[-73.9796138,40.7592386],[-73.9797952,40.7593149],[-73.9799061,40.7591635],[-73.9797246,40.7590872],[-73.9797592,40.75904],[-73.9795725,40.7589616],[-73.9793083,40.7588505],[-73.9792155,40.7588115],[-73.9791805,40.7588587],[-73.9790948,40.7588226],[-73.9790221,40.758792],[-73.9789625,40.7587669],[-73.9789145,40.7587468],[-73.9788037,40.7588981],[-73.9788516,40.7589181],[-73.9789113,40.7589433]]]},"properties":{"id":"rockefeller","h_m":235,"min_h_m":0,"is_part":true}},{"type":"Feature","geometry":{"type":"Polygon","coordinates":[[[-73.9790567,40.7587447],[-73.9790221,40.758792],[-73.9789625,40.7587669],[-73.9789145,40.7587468],[-73.9788915,40.7587368],[-73.9787802,40.758888],[-73.9788037,40.7588981],[-73.9788516,40.7589181],[-73.9789113,40.7589433],[-73.9788769,40.7589903],[-73.9789507,40.7590214],[-73.9790342,40.7590565],[-73.9791283,40.759096],[-73.9793927,40.7592072],[-73.9795793,40.7592856],[-73.9796138,40.7592386],[-73.9797952,40.7593149],[-73.9799061,40.7591635],[-73.9797246,40.7590872],[-73.9797592,40.75904],[-73.9795725,40.7589616],[-73.9793083,40.7588505],[-73.9792155,40.7588115],[-73.9791292,40.7587752],[-73.9790567,40.7587447]]]},"properties":{"id":"rockefeller","h_m":175,"min_h_m":0,"is_part":true}},{"type":"Feature","geometry":{"type":"Polygon","coordinates":[[[-73.9800885,40.7595945],[-73.9803646,40.7592188],[-73.9796182,40.7588991],[-73.9793555,40.758787],[-73.9791039,40.7586784],[-73.9790567,40.7587447],[-73.9791292,40.7587752],[-73.9792155,40.7588115],[-73.9793083,40.7588505],[-73.9795725,40.7589616],[-73.9797592,40.75904],[-73.9797246,40.7590872],[-73.9799061,40.7591635],[-73.9797952,40.7593149],[-73.9796138,40.7592386],[-73.9795793,40.7592856],[-73.9793927,40.7592072],[-73.9791283,40.759096],[-73.9790342,40.7590565],[-73.9789507,40.7590214],[-73.9788769,40.7589903],[-73.9788248,40.7590614],[-73.9790761,40.7591671],[-73.9793407,40.7592783],[-73.9800885,40.7595945]]]},"properties":{"id":"rockefeller","h_m":20,"min_h_m":0,"is_part":true}},{"type":"Feature","geometry":{"type":"Polygon","coordinates":[[[-73.9793083,40.7588505],[-73.9792155,40.7588115],[-73.9791292,40.7587752],[-73.9790948,40.7588226],[-73.9790221,40.758792],[-73.9789625,40.7587669],[-73.9789145,40.7587468],[-73.9788915,40.7587368],[-73.9787802,40.758888],[-73.9788037,40.7588981],[-73.9788516,40.7589181],[-73.9789113,40.7589433],[-73.9789848,40.7589742],[-73.9789507,40.7590214],[-73.9790342,40.7590565],[-73.9791283,40.759096],[-73.9793927,40.7592072],[-73.9795793,40.7592856],[-73.9796138,40.7592386],[-73.9797952,40.7593149],[-73.9799061,40.7591635],[-73.9797246,40.7590872],[-73.9797592,40.75904],[-73.9795725,40.7589616],[-73.9793083,40.7588505]]]},"properties":{"id":"rockefeller","h_m":190,"min_h_m":0,"is_part":true}},{"type":"Feature","geometry":{"type":"Polygon","coordinates":[[[-73.9799061,40.7591635],[-73.9797246,40.7590872],[-73.9797592,40.75904],[-73.9795725,40.7589616],[-73.9793083,40.7588505],[-73.9792155,40.7588115],[-73.9791292,40.7587752],[-73.9790567,40.7587447],[-73.9789968,40.75872],[-73.9789625,40.7587669],[-73.9789145,40.7587468],[-73.9788915,40.7587368],[-73.9788656,40.7587265],[-73.978754,40.7588774],[-73.9787802,40.758888],[-73.9788037,40.7588981],[-73.9788516,40.7589181],[-73.978817,40.7589654],[-73.9788769,40.7589903],[-73.9789507,40.7590214],[-73.9790342,40.7590565],[-73.9791283,40.759096],[-73.9793927,40.7592072],[-73.9795793,40.7592856],[-73.9796138,40.7592386],[-73.9797952,40.7593149],[-73.9799061,40.7591635]]]},"properties":{"id":"rockefeller","h_m":125,"min_h_m":0,"is_part":true}},{"type":"Feature","geometry":{"type":"Polygon","coordinates":[[[-73.9790567,40.7587447],[-73.9790221,40.758792],[-73.9789625,40.7587669],[-73.9789145,40.7587468],[-73.9788915,40.7587368],[-73.9788656,40.7587265],[-73.978754,40.7588774],[-73.9787802,40.758888],[-73.9788037,40.7588981],[-73.9788516,40.7589181],[-73.9789113,40.7589433],[-73.9788769,40.7589903],[-73.9789507,40.7590214],[-73.9790342,40.7590565],[-73.9791283,40.759096],[-73.9793927,40.7592072],[-73.9795793,40.7592856],[-73.9796138,40.7592386],[-73.9797952,40.7593149],[-73.9799061,40.7591635],[-73.9797246,40.7590872],[-73.9797592,40.75904],[-73.9795725,40.7589616],[-73.9793083,40.7588505],[-73.9792155,40.7588115],[-73.9791292,40.7587752],[-73.9790567,40.7587447]]]},"properties":{"id":"rockefeller","h_m":133,"min_h_m":0,"is_part":true}},{"type":"Feature","geometry":{"type":"Polygon","coordinates":[[[-73.9788187,40.7582461],[-73.9790964,40.7578648],[-73.9789672,40.7578107],[-73.9786886,40.7581915],[-73.9788187,40.7582461]]]},"properties":{"id":"rockefeller","h_m":149,"min_h_m":0,"is_part":true}},{"type":"Feature","geometry":{"type":"Polygon","coordinates":[[[-73.9780223,40.7590145],[-73.977922,40.7589732],[-73.9772928,40.7587092],[-73.9772775,40.7587301],[-73.9772584,40.7587563],[-73.9772393,40.7587824],[-73.9772093,40.7588236],[-73.9774173,40.7589106],[-73.9773992,40.7589354],[-73.9773939,40.7589427],[-73.9774262,40.7589563],[-73.9774493,40.7589246],[-73.9775232,40.7589555],[-73.9775755,40.7588838],[-73.9779909,40.7590576],[-73.9779963,40.7590501],[-73.9780223,40.7590145]]]},"properties":{"id":"rockefeller","h_m":25,"min_h_m":0,"is_part":true}},{"type":"Feature","geometry":{"type":"Polygon","coordinates":[[[-73.9780652,40.7594235],[-73.9782,40.7592389],[-73.9777263,40.7590406],[-73.9776612,40.7590133],[-73.977596,40.758986],[-73.9775232,40.7589555],[-73.9774493,40.7589246],[-73.9774262,40.7589563],[-73.9773359,40.7590801],[-73.9773146,40.7591092],[-73.9773904,40.7591409],[-73.9774629,40.7591713],[-73.977528,40.7591986],[-73.9775932,40.7592259],[-73.9780652,40.7594235]]]},"properties":{"id":"rockefeller","h_m":156,"min_h_m":0,"is_part":true}},{"type":"Feature","geometry":{"type":"Polygon","coordinates":[[[-73.9779372,40.7589523],[-73.977922,40.7589732],[-73.9772928,40.7587092],[-73.977308,40.7586882],[-73.9779372,40.7589523]]]},"properties":{"id":"rockefeller","h_m":20,"min_h_m":0,"is_part":true}},{"type":"Feature","geometry":{"type":"Polygon","coordinates":[[[-73.9782572,40.7591594],[-73.9782327,40.759193],[-73.9779718,40.7590838],[-73.9779909,40.7590576],[-73.9779963,40.7590501],[-73.9782572,40.7591594]]]},"properties":{"id":"rockefeller","h_m":35,"min_h_m":0,"is_part":true}},{"type":"Feature","geometry":{"type":"Polygon","coordinates":[[[-73.9782327,40.759193],[-73.9782,40.7592389],[-73.9777263,40.7590406],[-73.9777595,40.7589949],[-73.9779718,40.7590838],[-73.9782327,40.759193]]]},"properties":{"id":"rockefeller","h_m":145,"min_h_m":0,"is_part":true}},{"type":"Feature","geometry":{"type":"Polygon","coordinates":[[[-73.9779718,40.7590838],[-73.9779909,40.7590576],[-73.9775755,40.7588838],[-73.9775232,40.7589555],[-73.977596,40.758986],[-73.9776293,40.7589404],[-73.9776944,40.7589677],[-73.9777595,40.7589949],[-73.9779718,40.7590838]]]},"properties":{"id":"rockefeller","h_m":28,"min_h_m":0,"is_part":true}},{"type":"Feature","geometry":{"type":"Polygon","coordinates":[[[-73.9781522,40.7586487],[-73.978136,40.7586712],[-73.9778402,40.7585495],[-73.9778564,40.758527],[-73.9781522,40.7586487]]]},"properties":{"id":"rockefeller","h_m":30,"min_h_m":0,"is_part":true}},{"type":"Feature","geometry":{"type":"Polygon","coordinates":[[[-73.9780825,40.7587447],[-73.9780663,40.7587674],[-73.9779707,40.7587281],[-73.9777711,40.758646],[-73.9777873,40.7586233],[-73.9780825,40.7587447]]]},"properties":{"id":"rockefeller","h_m":30,"min_h_m":0,"is_part":true}},{"type":"Feature","geometry":{"type":"Polygon","coordinates":[[[-73.9783754,40.7583384],[-73.9783592,40.758361],[-73.9780634,40.7582393],[-73.9780796,40.7582167],[-73.9783754,40.7583384]]]},"properties":{"id":"rockefeller","h_m":30,"min_h_m":0,"is_part":true}},{"type":"Feature","geometry":{"type":"Polygon","coordinates":[[[-73.9777873,40.7586233],[-73.9780825,40.7587447],[-73.978136,40.7586712],[-73.9778402,40.7585495],[-73.9777873,40.7586233]]]},"properties":{"id":"rockefeller","h_m":35,"min_h_m":0,"is_part":true}},{"type":"Feature","geometry":{"type":"Polygon","coordinates":[[[-73.9783057,40.7584345],[-73.9782894,40.7584572],[-73.9779943,40.7583357],[-73.9780105,40.7583131],[-73.9783057,40.7584345]]]},"properties":{"id":"rockefeller","h_m":30,"min_h_m":0,"is_part":true}},{"type":"Feature","geometry":{"type":"Polygon","coordinates":[[[-73.9780105,40.7583131],[-73.9783057,40.7584345],[-73.9783592,40.758361],[-73.9780634,40.7582393],[-73.9780105,40.7583131]]]},"properties":{"id":"rockefeller","h_m":35,"min_h_m":0,"is_part":true}},{"type":"Feature","geometry":{"type":"Polygon","coordinates":[[[-73.9780663,40.7587674],[-73.9780467,40.7587947],[-73.9777521,40.7586735],[-73.9774288,40.7585404],[-73.9774483,40.7585132],[-73.9777711,40.758646],[-73.9779707,40.7587281],[-73.9780663,40.7587674]]]},"properties":{"id":"rockefeller","h_m":20,"min_h_m":0,"is_part":true}},{"type":"Feature","geometry":{"type":"Polygon","coordinates":[[[-73.9783992,40.7583052],[-73.9783754,40.7583384],[-73.9780796,40.7582167],[-73.9777568,40.7580839],[-73.9777764,40.7580567],[-73.9781024,40.7581909],[-73.9783992,40.7583052]]]},"properties":{"id":"rockefeller","h_m":20,"min_h_m":0,"is_part":true}},{"type":"Feature","geometry":{"type":"Polygon","coordinates":[[[-73.9782894,40.7584572],[-73.9782699,40.7584844],[-73.9779758,40.7583634],[-73.977652,40.7582302],[-73.9776715,40.7582029],[-73.9779943,40.7583357],[-73.9782894,40.7584572]]]},"properties":{"id":"rockefeller","h_m":20,"min_h_m":0,"is_part":true}},{"type":"Feature","geometry":{"type":"Polygon","coordinates":[[[-73.9781717,40.7586215],[-73.9781522,40.7586487],[-73.9778564,40.758527],[-73.9776516,40.7584427],[-73.9775337,40.7583942],[-73.9775532,40.758367],[-73.9778757,40.7584997],[-73.9781717,40.7586215]]]},"properties":{"id":"rockefeller","h_m":20,"min_h_m":0,"is_part":true}},{"type":"Feature","geometry":{"type":"Polygon","coordinates":[[[-73.9777568,40.7580839],[-73.9776715,40.7582029],[-73.9779943,40.7583357],[-73.9780105,40.7583131],[-73.9780634,40.7582393],[-73.9780796,40.7582167],[-73.9777568,40.7580839]]]},"properties":{"id":"rockefeller","h_m":25,"min_h_m":0,"is_part":true}},{"type":"Feature","geometry":{"type":"Polygon","coordinates":[[[-73.9775337,40.7583942],[-73.9774483,40.7585132],[-73.9777711,40.758646],[-73.9777873,40.7586233],[-73.9778402,40.7585495],[-73.9778564,40.758527],[-73.9776516,40.7584427],[-73.9775337,40.7583942]]]},"properties":{"id":"rockefeller","h_m":25,"min_h_m":0,"is_part":true}},{"type":"Feature","geometry":{"type":"Polygon","coordinates":[[[-73.9788912,40.7582772],[-73.9788187,40.7582461],[-73.9790964,40.7578648],[-73.979167,40.7578948],[-73.9788912,40.7582772]]]},"properties":{"id":"rockefeller","h_m":138,"min_h_m":0,"is_part":true}},{"type":"Feature","geometry":{"type":"Polygon","coordinates":[[[-73.9789746,40.7595741],[-73.9790565,40.7594616],[-73.9790838,40.7594241],[-73.9785419,40.7591962],[-73.9784921,40.7591753],[-73.9783937,40.7593107],[-73.9784472,40.7593331],[-73.9784843,40.7592823],[-73.9784939,40.7592864],[-73.978526,40.7592422],[-73.978804,40.7593581],[-73.9787719,40.7594023],[-73.9787785,40.759405],[-73.9787291,40.7594731],[-73.9789746,40.7595741]]]},"properties":{"id":"rockefeller","h_m":20,"min_h_m":0,"is_part":true}},{"type":"Feature","geometry":{"type":"Polygon","coordinates":[[[-73.9785544,40.7597135],[-73.9785477,40.7597108],[-73.9782698,40.7595949],[-73.9782601,40.7595908],[-73.9782956,40.7595415],[-73.9784472,40.7593331],[-73.9784843,40.7592823],[-73.9784939,40.7592864],[-73.9787719,40.7594023],[-73.9787785,40.759405],[-73.9787291,40.7594731],[-73.9786042,40.759645],[-73.9785544,40.7597135]]]},"properties":{"id":"rockefeller","h_m":70,"min_h_m":0,"is_part":true}},{"type":"Feature","geometry":{"type":"Polygon","coordinates":[[[-73.9783551,40.7595924],[-73.9782947,40.7595672],[-73.9784784,40.7593145],[-73.9785387,40.7593397],[-73.9783551,40.7595924]]]},"properties":{"id":"rockefeller","h_m":73.7,"min_h_m":0,"is_part":true}},{"type":"Feature","geometry":{"type":"Polygon","coordinates":[[[-73.9787719,40.7594023],[-73.978804,40.7593581],[-73.978526,40.7592422],[-73.9784939,40.7592864],[-73.9787719,40.7594023]]]},"properties":{"id":"rockefeller","h_m":60,"min_h_m":0,"is_part":true}},{"type":"Feature","geometry":{"type":"Polygon","coordinates":[[[-73.9799207,40.7585213],[-73.9791909,40.7582172],[-73.9792668,40.7581127],[-73.9799966,40.7584167],[-73.9799207,40.7585213]]]},"properties":{"id":"rockefeller","h_m":67,"min_h_m":0,"is_part":true}},{"type":"Feature","geometry":{"type":"Polygon","coordinates":[[[-73.9799048,40.7585432],[-73.9798918,40.7585378],[-73.9792815,40.7582838],[-73.979175,40.758239],[-73.9791909,40.7582172],[-73.9792668,40.7581127],[-73.9792811,40.7580929],[-73.9793842,40.7581359],[-73.9799935,40.7583898],[-73.9800109,40.758397],[-73.9799966,40.7584167],[-73.9799207,40.7585213],[-73.9799048,40.7585432]]]},"properties":{"id":"rockefeller","h_m":61,"min_h_m":0,"is_part":true}},{"type":"Feature","geometry":{"type":"Polygon","coordinates":[[[-73.9797958,40.7587168],[-73.9791049,40.7584267],[-73.9790543,40.7584054],[-73.979175,40.758239],[-73.9792815,40.7582838],[-73.9792021,40.7583933],[-73.9798391,40.7586584],[-73.9798435,40.75866],[-73.9798508,40.758667],[-73.9798554,40.7586752],[-73.9798571,40.7586841],[-73.9798568,40.7586885],[-73.9798539,40.7586972],[-73.9798483,40.758705],[-73.9798402,40.7587114],[-73.9798301,40.758716],[-73.9798165,40.7587187],[-73.9798072,40.7587188],[-73.9797958,40.7587168]]]},"properties":{"id":"rockefeller","h_m":12,"min_h_m":0,"is_part":true}},{"type":"Feature","geometry":{"type":"Polygon","coordinates":[[[-73.9798625,40.7586262],[-73.9798345,40.7586144],[-73.9798918,40.7585378],[-73.9792815,40.7582838],[-73.9792021,40.7583933],[-73.9798391,40.7586584],[-73.9798625,40.7586262]]]},"properties":{"id":"rockefeller","h_m":18,"min_h_m":0,"is_part":true}},{"type":"Feature","geometry":{"type":"Polygon","coordinates":[[[-73.9804495,40.7592088],[-73.9789922,40.7585852],[-73.9789227,40.758684],[-73.9789038,40.7586759],[-73.9788656,40.7587265],[-73.978754,40.7588774],[-73.9787168,40.7589294],[-73.9787357,40.7589375],[-73.9786619,40.7590376],[-73.9801077,40.7596545],[-73.9801387,40.7596157],[-73.9801481,40.7596028],[-73.980364,40.7596938],[-73.9806037,40.7593671],[-73.9806306,40.7593309],[-73.9804249,40.7592442],[-73.9804495,40.7592088]]]},"properties":{"id":"rockefeller","h_m":10,"min_h_m":0,"is_part":true}},{"type":"Feature","geometry":{"type":"Polygon","coordinates":[[[-73.9759777,40.7589343],[-73.9765318,40.7591682],[-73.9763858,40.7593668],[-73.9763091,40.7593334],[-73.9759235,40.7591707],[-73.9758322,40.7591322],[-73.9759666,40.7589494],[-73.9759777,40.7589343]]]},"properties":{"id":"st-patricks","h_m":185,"min_h_m":0,"is_part":true}},{"type":"Feature","geometry":{"type":"Polygon","coordinates":[[[-73.9771174,40.7583806],[-73.9771338,40.7583577],[-73.9771405,40.7583483],[-73.9771562,40.7583265],[-73.9771631,40.7583167],[-73.9771784,40.7582954],[-73.9771855,40.7582855],[-73.9772004,40.7582647],[-73.9772076,40.7582546],[-73.9772231,40.758233],[-73.9772304,40.7582228],[-73.9772462,40.7582007],[-73.9772522,40.7581924],[-73.9772681,40.7581701],[-73.9772753,40.75816],[-73.9772904,40.758139],[-73.9772973,40.7581293],[-73.9773134,40.7581068],[-73.9773207,40.7580966],[-73.9773348,40.7580769],[-73.9773426,40.758066],[-73.9773583,40.7580441],[-73.9773659,40.7580335],[-73.9773813,40.7580121],[-73.9773881,40.7580025],[-73.9774019,40.7579833],[-73.9774093,40.7579729],[-73.9774243,40.7579519],[-73.9774318,40.7579415],[-73.9774393,40.757931],[-73.9774293,40.7579002],[-73.9768093,40.7576428],[-73.9767937,40.7576634],[-73.9767846,40.7576762],[-73.9767563,40.7577129],[-73.9766933,40.7577998],[-73.976666,40.7578373],[-73.9765944,40.7579331],[-73.9765667,40.7579703],[-73.9764995,40.7580578],[-73.9764696,40.7580993],[-73.9764617,40.7581116],[-73.9764501,40.7581275],[-73.977077,40.7583893],[-73.9771174,40.7583806]]]},"properties":{"id":"st-patricks","h_m":55,"min_h_m":0,"is_part":true}},{"type":"Feature","geometry":{"type":"Polygon","coordinates":[[[-73.9760106,40.7590062],[-73.9764461,40.759188],[-73.9763593,40.7593074],[-73.9759237,40.7591256],[-73.9760106,40.7590062]]]},"properties":{"id":"st-patricks","h_m":190,"min_h_m":185,"is_part":true}},{"type":"Feature","geometry":{"type":"Polygon","coordinates":[[[-73.9764696,40.7580993],[-73.9764995,40.7580578],[-73.9765667,40.7579703],[-73.9765944,40.7579331],[-73.976666,40.7578373],[-73.9766933,40.7577998],[-73.9767563,40.7577129],[-73.9767846,40.7576762],[-73.9773897,40.7579249],[-73.9770843,40.7583514],[-73.9764696,40.7580993]]]},"properties":{"id":"st-patricks","h_m":66,"min_h_m":0,"is_part":true}},{"type":"Feature","geometry":{"type":"Polygon","coordinates":[[[-73.9764617,40.7581116],[-73.9764696,40.7580993],[-73.9764995,40.7580578],[-73.9765667,40.7579703],[-73.9765944,40.7579331],[-73.976666,40.7578373],[-73.9766933,40.7577998],[-73.9767563,40.7577129],[-73.9767846,40.7576762],[-73.9767937,40.7576634],[-73.9774138,40.7579194],[-73.9770915,40.7583697],[-73.9764617,40.7581116]]]},"properties":{"id":"st-patricks","h_m":62,"min_h_m":0,"is_part":true}},{"type":"Feature","geometry":{"type":"Polygon","coordinates":[[[-73.9767537,40.7585606],[-73.9767075,40.7586255],[-73.9767964,40.7586618],[-73.9768425,40.7585968],[-73.9767537,40.7585606]]]},"properties":{"id":"st-patricks","h_m":100.5,"min_h_m":0,"is_part":true}},{"type":"Feature","geometry":{"type":"Polygon","coordinates":[[[-73.9765867,40.7587972],[-73.9765401,40.7588616],[-73.9766284,40.7588982],[-73.976675,40.7588337],[-73.9765867,40.7587972]]]},"properties":{"id":"st-patricks","h_m":100.5,"min_h_m":0,"is_part":true}},{"type":"Feature","geometry":{"type":"Polygon","coordinates":[[[-73.975159,40.7582137],[-73.9749274,40.7581159],[-73.975063,40.7579315],[-73.9752945,40.7580292],[-73.9754066,40.7578765],[-73.9750802,40.757738],[-73.974729,40.7582166],[-73.9750558,40.7583543],[-73.975159,40.7582137]]]},"properties":{"id":"st-patricks","h_m":30,"min_h_m":0,"is_part":true}},{"type":"Feature","geometry":{"type":"Polygon","coordinates":[[[-73.9764814,40.7579878],[-73.9765121,40.757947],[-73.9765398,40.7579098],[-73.9765468,40.7579005],[-73.9765378,40.7578755],[-73.9765708,40.7578283],[-73.9766047,40.7578242],[-73.976611,40.7578144],[-73.9766382,40.7577769],[-73.9766686,40.7577339],[-73.9764618,40.7576474],[-73.976412,40.7576566],[-73.9763324,40.7577656],[-73.976265,40.7578579],[-73.9762808,40.7579027],[-73.9764814,40.7579878]]]},"properties":{"id":"st-patricks","h_m":171,"min_h_m":0,"is_part":true}},{"type":"Feature","geometry":{"type":"Polygon","coordinates":[[[-73.976611,40.7578144],[-73.9766047,40.7578242],[-73.9765708,40.7578283],[-73.9765378,40.7578755],[-73.9765468,40.7579005],[-73.9765398,40.7579098],[-73.9765121,40.757947],[-73.9765667,40.7579703],[-73.9764995,40.7580578],[-73.9764501,40.7580678],[-73.9762245,40.7579761],[-73.9762113,40.7579315],[-73.976265,40.7578579],[-73.9763324,40.7577656],[-73.976412,40.7576566],[-73.9764637,40.7575857],[-73.9765177,40.7575778],[-73.9766668,40.7576421],[-73.9767445,40.7576757],[-73.9767563,40.7577129],[-73.9766933,40.7577998],[-73.9766382,40.7577769],[-73.976611,40.7578144]]]},"properties":{"id":"st-patricks","h_m":157,"min_h_m":0,"is_part":true}},{"type":"Feature","geometry":{"type":"Polygon","coordinates":[[[-73.9765667,40.7579703],[-73.9765944,40.7579331],[-73.9765398,40.7579098],[-73.9765121,40.757947],[-73.9765667,40.7579703]]]},"properties":{"id":"st-patricks","h_m":95,"min_h_m":0,"is_part":true}},{"type":"Feature","geometry":{"type":"Polygon","coordinates":[[[-73.9764696,40.7580993],[-73.9764617,40.7581116],[-73.9764501,40.7581275],[-73.9761577,40.758005],[-73.9762113,40.7579315],[-73.9762245,40.7579761],[-73.9764501,40.7580678],[-73.9764995,40.7580578],[-73.9764696,40.7580993]]]},"properties":{"id":"st-patricks","h_m":30,"min_h_m":0,"is_part":true}},{"type":"Feature","geometry":{"type":"Polygon","coordinates":[[[-73.9765944,40.7579331],[-73.976666,40.7578373],[-73.976611,40.7578144],[-73.9766047,40.7578242],[-73.9765708,40.7578283],[-73.9765378,40.7578755],[-73.9765468,40.7579005],[-73.9765398,40.7579098],[-73.9765944,40.7579331]]]},"properties":{"id":"st-patricks","h_m":55,"min_h_m":0,"is_part":true}},{"type":"Feature","geometry":{"type":"Polygon","coordinates":[[[-73.9758709,40.7592421],[-73.9759196,40.7592626],[-73.9759839,40.7592898],[-73.9760532,40.759319],[-73.9762566,40.7594048],[-73.9763091,40.7593334],[-73.9759235,40.7591707],[-73.9758709,40.7592421]]]},"properties":{"id":"st-patricks","h_m":90,"min_h_m":0,"is_part":true}},{"type":"Feature","geometry":{"type":"Polygon","coordinates":[[[-73.9763912,40.7575104],[-73.9761265,40.7573995],[-73.9758108,40.757832],[-73.9759985,40.7579106],[-73.9760148,40.7578882],[-73.9758649,40.7578254],[-73.975897,40.7577815],[-73.9759249,40.7577432],[-73.9760654,40.7575504],[-73.9760933,40.7575122],[-73.9761399,40.7574487],[-73.9763669,40.7575438],[-73.9763912,40.7575104]]]},"properties":{"id":"st-patricks","h_m":65,"min_h_m":0,"is_part":true}},{"type":"Feature","geometry":{"type":"Polygon","coordinates":[[[-73.975897,40.7577815],[-73.9758649,40.7578254],[-73.9760148,40.7578882],[-73.976047,40.7578442],[-73.975897,40.7577815]]]},"properties":{"id":"st-patricks","h_m":80,"min_h_m":0,"is_part":true}},{"type":"Feature","geometry":{"type":"Polygon","coordinates":[[[-73.9760749,40.7578059],[-73.9759249,40.7577432],[-73.975897,40.7577815],[-73.976047,40.7578442],[-73.9760749,40.7578059]]]},"properties":{"id":"st-patricks","h_m":148,"min_h_m":0,"is_part":true}},{"type":"Feature","geometry":{"type":"Polygon","coordinates":[[[-73.9760749,40.7578059],[-73.9761578,40.7576924],[-73.9762154,40.7576131],[-73.9760654,40.7575504],[-73.9759249,40.7577432],[-73.9760749,40.7578059]]]},"properties":{"id":"st-patricks","h_m":158,"min_h_m":0,"is_part":true}},{"type":"Feature","geometry":{"type":"Polygon","coordinates":[[[-73.9763912,40.7575104],[-73.9764158,40.7574773],[-73.9761157,40.7573516],[-73.9757602,40.7578386],[-73.975983,40.7579318],[-73.9759985,40.7579106],[-73.9758108,40.757832],[-73.9761265,40.7573995],[-73.9763912,40.7575104]]]},"properties":{"id":"st-patricks","h_m":50,"min_h_m":0,"is_part":true}},{"type":"Feature","geometry":{"type":"Polygon","coordinates":[[[-73.9761796,40.758713],[-73.9761587,40.7587423],[-73.9759188,40.7586434],[-73.9760077,40.7585187],[-73.9757876,40.7584279],[-73.975775,40.7584199],[-73.9757645,40.7584103],[-73.9757565,40.7583994],[-73.9757513,40.7583876],[-73.9757497,40.7583815],[-73.9757489,40.7583753],[-73.9757489,40.7583691],[-73.9757496,40.7583629],[-73.9757532,40.7583507],[-73.9757597,40.7583393],[-73.9757688,40.7583289],[-73.9757802,40.75832],[-73.9757936,40.7583128],[-73.9758008,40.7583099],[-73.9758163,40.7583057],[-73.9758325,40.7583038],[-73.9758406,40.7583037],[-73.9758488,40.7583041],[-73.9758569,40.7583051],[-73.9758649,40.7583067],[-73.9758726,40.7583088],[-73.976095,40.7584006],[-73.9761804,40.7582808],[-73.9764207,40.7583799],[-73.9763975,40.7584124],[-73.9768425,40.7585968],[-73.9767964,40.7586618],[-73.9767647,40.7587066],[-73.9767085,40.7587863],[-73.976675,40.7588337],[-73.9766284,40.7588982],[-73.9765401,40.7588616],[-73.9761796,40.758713]]]},"properties":{"id":"st-patricks","h_m":42,"min_h_m":0,"is_part":true}},{"type":"Feature","geometry":{"type":"Polygon","coordinates":[[[-73.9757655,40.7594738],[-73.9759196,40.7592626],[-73.9758709,40.7592421],[-73.9759235,40.7591707],[-73.9758322,40.7591322],[-73.9759666,40.7589494],[-73.9759166,40.7589283],[-73.9757807,40.7591146],[-73.9758185,40.7591305],[-73.9757909,40.7591682],[-73.9756144,40.7594101],[-73.9757655,40.7594738]]]},"properties":{"id":"st-patricks","h_m":13,"min_h_m":0,"is_part":true}},{"type":"Feature","geometry":{"type":"Polygon","coordinates":[[[-73.9750881,40.7589475],[-73.9750775,40.7589624],[-73.9750654,40.7589567],[-73.9750608,40.7589532],[-73.9750588,40.7589486],[-73.9750597,40.7589437],[-73.9751546,40.7588127],[-73.9751588,40.7588097],[-73.975164,40.7588084],[-73.975169,40.7588092],[-73.9751832,40.7588155],[-73.9751718,40.7588313],[-73.9750881,40.7589475]]]},"properties":{"id":"st-patricks","h_m":74,"min_h_m":0,"is_part":true}},{"type":"Feature","geometry":{"type":"Polygon","coordinates":[[[-73.9750058,40.7589373],[-73.9749951,40.7589519],[-73.9749786,40.7589449],[-73.974974,40.7589414],[-73.974972,40.7589368],[-73.9749729,40.7589319],[-73.9750916,40.7587686],[-73.9750958,40.7587656],[-73.975101,40.7587643],[-73.975106,40.7587651],[-73.9751249,40.7587727],[-73.9751166,40.7587842],[-73.9750058,40.7589373]]]},"properties":{"id":"st-patricks","h_m":54,"min_h_m":0,"is_part":true}},{"type":"Feature","geometry":{"type":"Polygon","coordinates":[[[-73.9751348,40.7587989],[-73.9750333,40.7589391],[-73.9750219,40.7589548],[-73.9750115,40.7589503],[-73.9750069,40.7589468],[-73.9750049,40.7589422],[-73.9750058,40.7589373],[-73.9751166,40.7587842],[-73.9751208,40.7587812],[-73.975126,40.7587799],[-73.975131,40.7587807],[-73.9751439,40.7587863],[-73.9751348,40.7587989]]]},"properties":{"id":"st-patricks","h_m":60,"min_h_m":0,"is_part":true}},{"type":"Feature","geometry":{"type":"Polygon","coordinates":[[[-73.9750597,40.7589437],[-73.9750503,40.7589565],[-73.975039,40.7589521],[-73.9750344,40.7589486],[-73.9750324,40.758944],[-73.9750333,40.7589391],[-73.9751348,40.7587989],[-73.975139,40.7587959],[-73.9751442,40.7587946],[-73.9751492,40.7587954],[-73.9751627,40.7588015],[-73.9751546,40.7588127],[-73.9750597,40.7589437]]]},"properties":{"id":"st-patricks","h_m":66,"min_h_m":0,"is_part":true}},{"type":"Feature","geometry":{"type":"Polygon","coordinates":[[[-73.9752216,40.7588034],[-73.9752258,40.7588004],[-73.975231,40.7587991],[-73.975236,40.7587999],[-73.975338,40.7588436],[-73.9753425,40.7588471],[-73.9753445,40.7588517],[-73.9753436,40.7588566],[-73.9752888,40.7589317],[-73.9752861,40.7589332],[-73.9752829,40.7589339],[-73.9752794,40.7589336],[-73.975277,40.758933],[-73.9752634,40.7589268],[-73.9752954,40.7588832],[-73.9752963,40.7588783],[-73.9752943,40.7588737],[-73.9752897,40.7588702],[-73.9752014,40.7588314],[-73.9752216,40.7588034]]]},"properties":{"id":"st-patricks","h_m":86,"min_h_m":0,"is_part":true}},{"type":"Feature","geometry":{"type":"Polygon","coordinates":[[[-73.9751878,40.7588266],[-73.9752014,40.7588314],[-73.9752897,40.7588702],[-73.9752943,40.7588737],[-73.9752963,40.7588783],[-73.9752954,40.7588832],[-73.9752634,40.7589268],[-73.9752215,40.7589841],[-73.9752095,40.7590004],[-73.9752053,40.7590034],[-73.9752001,40.7590047],[-73.9751951,40.7590039],[-73.9751051,40.7589653],[-73.9750938,40.7589605],[-73.9750892,40.758957],[-73.9750872,40.7589524],[-73.9750881,40.7589475],[-73.9751718,40.7588313],[-73.9751776,40.7588271],[-73.9751828,40.7588258],[-73.9751878,40.7588266]]]},"properties":{"id":"st-patricks","h_m":92,"min_h_m":0,"is_part":true}},{"type":"Feature","geometry":{"type":"Polygon","coordinates":[[[-73.9752216,40.7588034],[-73.9752636,40.7587441],[-73.9752678,40.7587411],[-73.975273,40.7587398],[-73.975278,40.7587406],[-73.9754647,40.7588188],[-73.9754693,40.7588223],[-73.9754713,40.7588269],[-73.9754703,40.7588318],[-73.9754583,40.7588485],[-73.9754439,40.7588682],[-73.9754297,40.7588876],[-73.9755467,40.7589366],[-73.9754741,40.759036],[-73.975269,40.7589494],[-73.9752384,40.7589913],[-73.9752215,40.7589841],[-73.9752634,40.7589268],[-73.975277,40.758933],[-73.9752794,40.7589336],[-73.9752829,40.7589339],[-73.9752861,40.7589332],[-73.9752888,40.7589317],[-73.9753436,40.7588566],[-73.9753445,40.7588517],[-73.9753425,40.7588471],[-73.975338,40.7588436],[-73.975236,40.7587999],[-73.975231,40.7587991],[-73.9752258,40.7588004],[-73.9752216,40.7588034]]]},"properties":{"id":"st-patricks","h_m":80,"min_h_m":0,"is_part":true}},{"type":"Feature","geometry":{"type":"Polygon","coordinates":[[[-73.9751035,40.7591763],[-73.9750933,40.7591902],[-73.9748689,40.7590956],[-73.9748643,40.7590921],[-73.9748623,40.7590875],[-73.9748632,40.7590826],[-73.9749729,40.7589319],[-73.9750916,40.7587686],[-73.9752051,40.7586183],[-73.9752082,40.7586148],[-73.9752118,40.7586135],[-73.9752168,40.7586143],[-73.975521,40.7587427],[-73.9755256,40.7587462],[-73.9755275,40.7587508],[-73.9755266,40.7587557],[-73.9755158,40.75877],[-73.9755166,40.7587653],[-73.9755146,40.7587607],[-73.97551,40.7587572],[-73.9752346,40.7586379],[-73.9752296,40.7586371],[-73.9752244,40.7586384],[-73.9752202,40.7586414],[-73.9751249,40.7587727],[-73.9751166,40.7587842],[-73.9750058,40.7589373],[-73.9749951,40.7589519],[-73.9749018,40.7590801],[-73.9749009,40.759085],[-73.9749029,40.7590896],[-73.9749075,40.7590931],[-73.9751035,40.7591763]]]},"properties":{"id":"st-patricks","h_m":48,"min_h_m":0,"is_part":true}},{"type":"Feature","geometry":{"type":"Polygon","coordinates":[[[-73.9751035,40.7591763],[-73.9751164,40.7591586],[-73.9749426,40.7590849],[-73.974938,40.7590814],[-73.974936,40.7590768],[-73.9749369,40.7590719],[-73.9750219,40.7589548],[-73.9750333,40.7589391],[-73.9751439,40.7587863],[-73.975231,40.7586661],[-73.9752352,40.7586631],[-73.9752404,40.7586618],[-73.9752454,40.7586626],[-73.9754992,40.758772],[-73.9755038,40.7587755],[-73.9755057,40.7587801],[-73.9755048,40.758785],[-73.9755158,40.75877],[-73.9755166,40.7587653],[-73.9755146,40.7587607],[-73.97551,40.7587572],[-73.9752346,40.7586379],[-73.9752296,40.7586371],[-73.9752244,40.7586384],[-73.9752202,40.7586414],[-73.9751249,40.7587727],[-73.9751166,40.7587842],[-73.9750058,40.7589373],[-73.9749951,40.7589519],[-73.9749018,40.7590801],[-73.9749009,40.759085],[-73.9749029,40.7590896],[-73.9749075,40.7590931],[-73.9751035,40.7591763]]]},"properties":{"id":"st-patricks","h_m":54,"min_h_m":0,"is_part":true}},{"type":"Feature","geometry":{"type":"Polygon","coordinates":[[[-73.9754936,40.7588003],[-73.9755014,40.7587897],[-73.9755048,40.758785],[-73.9755057,40.7587801],[-73.9755038,40.7587755],[-73.9754992,40.758772],[-73.9752454,40.7586626],[-73.9752404,40.7586618],[-73.9752352,40.7586631],[-73.975231,40.7586661],[-73.9751439,40.7587863],[-73.9750333,40.7589391],[-73.9750219,40.7589548],[-73.9749369,40.7590719],[-73.974936,40.7590768],[-73.974938,40.7590814],[-73.9749426,40.7590849],[-73.9751164,40.7591586],[-73.9751277,40.7591431],[-73.9749781,40.7590771],[-73.9749735,40.7590736],[-73.9749715,40.759069],[-73.9749724,40.7590641],[-73.9750503,40.7589565],[-73.9750597,40.7589437],[-73.9751546,40.7588127],[-73.9751627,40.7588015],[-73.9752419,40.7586922],[-73.9752461,40.7586892],[-73.9752513,40.7586879],[-73.9752563,40.7586887],[-73.9754879,40.7587873],[-73.9754925,40.7587908],[-73.9754945,40.7587954],[-73.9754936,40.7588003]]]},"properties":{"id":"st-patricks","h_m":60,"min_h_m":0,"is_part":true}},{"type":"Feature","geometry":{"type":"Polygon","coordinates":[[[-73.9754703,40.7588318],[-73.9754713,40.7588269],[-73.9754693,40.7588223],[-73.9754647,40.7588188],[-73.975278,40.7587406],[-73.975273,40.7587398],[-73.9752678,40.7587411],[-73.9752636,40.7587441],[-73.9752216,40.7588034],[-73.9752014,40.7588314],[-73.9751051,40.7589653],[-73.9750437,40.7590506],[-73.9750428,40.7590555],[-73.9750448,40.7590601],[-73.9750494,40.7590636],[-73.9751526,40.7591089],[-73.9751408,40.759125],[-73.9750151,40.7590713],[-73.9750105,40.7590678],[-73.9750085,40.7590632],[-73.9750094,40.7590583],[-73.9750775,40.7589624],[-73.9750881,40.7589475],[-73.9751718,40.7588313],[-73.9751832,40.7588155],[-73.9752527,40.7587189],[-73.9752569,40.7587159],[-73.9752621,40.7587146],[-73.9752671,40.7587154],[-73.9754758,40.7588039],[-73.9754804,40.7588075],[-73.9754824,40.7588121],[-73.9754815,40.758817],[-73.9754726,40.7588289],[-73.9754703,40.7588318]]]},"properties":{"id":"st-patricks","h_m":74,"min_h_m":0,"is_part":true}},{"type":"Feature","geometry":{"type":"Polygon","coordinates":[[[-73.9754815,40.758817],[-73.9754824,40.7588121],[-73.9754804,40.7588075],[-73.9754758,40.7588039],[-73.9752671,40.7587154],[-73.9752621,40.7587146],[-73.9752569,40.7587159],[-73.9752527,40.7587189],[-73.9751832,40.7588155],[-73.9751718,40.7588313],[-73.9750881,40.7589475],[-73.9750775,40.7589624],[-73.9750094,40.7590583],[-73.9750085,40.7590632],[-73.9750105,40.7590678],[-73.9750151,40.7590713],[-73.9751408,40.759125],[-73.9751277,40.7591431],[-73.9749781,40.7590771],[-73.9749735,40.7590736],[-73.9749715,40.759069],[-73.9749724,40.7590641],[-73.9750503,40.7589565],[-73.9750597,40.7589437],[-73.9751546,40.7588127],[-73.9751627,40.7588015],[-73.9752419,40.7586922],[-73.9752461,40.7586892],[-73.9752513,40.7586879],[-73.9752563,40.7586887],[-73.9754879,40.7587873],[-73.9754925,40.7587908],[-73.9754945,40.7587954],[-73.9754936,40.7588003],[-73.9754871,40.7588093],[-73.9754815,40.758817]]]},"properties":{"id":"st-patricks","h_m":66,"min_h_m":0,"is_part":true}},{"type":"Feature","geometry":{"type":"Polygon","coordinates":[[[-73.9755608,40.7589172],[-73.9754439,40.7588682],[-73.9754583,40.7588485],[-73.9755753,40.7588974],[-73.9755608,40.7589172]]]},"properties":{"id":"st-patricks","h_m":66,"min_h_m":0,"is_part":true}},{"type":"Feature","geometry":{"type":"Polygon","coordinates":[[[-73.9755467,40.7589366],[-73.9754297,40.7588876],[-73.9754439,40.7588682],[-73.9755608,40.7589172],[-73.9755467,40.7589366]]]},"properties":{"id":"st-patricks","h_m":72,"min_h_m":0,"is_part":true}},{"type":"Feature","geometry":{"type":"Polygon","coordinates":[[[-73.9755753,40.7588974],[-73.9754583,40.7588485],[-73.9754703,40.7588318],[-73.9754726,40.7588289],[-73.9755897,40.7588778],[-73.9755753,40.7588974]]]},"properties":{"id":"st-patricks","h_m":60,"min_h_m":0,"is_part":true}},{"type":"Feature","geometry":{"type":"Polygon","coordinates":[[[-73.975604,40.7588582],[-73.9754871,40.7588093],[-73.9754936,40.7588003],[-73.9755014,40.7587897],[-73.9756184,40.7588386],[-73.975604,40.7588582]]]},"properties":{"id":"st-patricks","h_m":48,"min_h_m":0,"is_part":true}},{"type":"Feature","geometry":{"type":"Polygon","coordinates":[[[-73.9755897,40.7588778],[-73.9754726,40.7588289],[-73.9754815,40.758817],[-73.9754871,40.7588093],[-73.975604,40.7588582],[-73.9755897,40.7588778]]]},"properties":{"id":"st-patricks","h_m":54,"min_h_m":0,"is_part":true}},{"type":"Feature","geometry":{"type":"Polygon","coordinates":[[[-73.9756184,40.7588386],[-73.9755014,40.7587897],[-73.9755048,40.758785],[-73.9755158,40.75877],[-73.9756328,40.758819],[-73.9756184,40.7588386]]]},"properties":{"id":"st-patricks","h_m":42,"min_h_m":0,"is_part":true}},{"type":"Feature","geometry":{"type":"Polygon","coordinates":[[[-73.9756328,40.758819],[-73.9755158,40.75877],[-73.9755266,40.7587557],[-73.9755275,40.7587508],[-73.9755256,40.7587462],[-73.975521,40.7587427],[-73.9756488,40.7587966],[-73.9756328,40.758819]]]},"properties":{"id":"st-patricks","h_m":35,"min_h_m":0,"is_part":true}},{"type":"Feature","geometry":{"type":"Polygon","coordinates":[[[-73.9744124,40.7638705],[-73.9751931,40.764204],[-73.975251,40.7641263],[-73.9744703,40.7637929],[-73.9744124,40.7638705]]]},"properties":{"id":"plaza-hotel","h_m":80,"min_h_m":0,"is_part":true}},{"type":"Feature","geometry":{"type":"Polygon","coordinates":[[[-73.9754991,40.7647517],[-73.9756092,40.7647968],[-73.9756117,40.7647934],[-73.9756713,40.76471],[-73.9752639,40.764543],[-73.9751433,40.7647117],[-73.9751246,40.7647378],[-73.9751499,40.7647482],[-73.9752973,40.7648085],[-73.9753118,40.7647874],[-73.9753174,40.7647795],[-73.9753329,40.7647577],[-73.9753933,40.7646721],[-73.9754033,40.7646762],[-73.9754321,40.7646879],[-73.9754426,40.7646922],[-73.9754709,40.7647038],[-73.9754813,40.764708],[-73.9755095,40.7647195],[-73.9755185,40.7647232],[-73.9754991,40.7647517]]]},"properties":{"id":"plaza-hotel","h_m":15,"min_h_m":0,"is_part":true}},{"type":"Feature","geometry":{"type":"Polygon","coordinates":[[[-73.9738971,40.7644783],[-73.9739711,40.7643753],[-73.9741224,40.7644377],[-73.9740483,40.7645407],[-73.9738971,40.7644783]]]},"properties":{"id":"plaza-hotel","h_m":80,"min_h_m":0,"is_part":true}},{"type":"Feature","geometry":{"type":"Polygon","coordinates":[[[-73.9741007,40.7641941],[-73.9741806,40.7640829],[-73.974339,40.7641483],[-73.974259,40.7642594],[-73.9741007,40.7641941]]]},"properties":{"id":"plaza-hotel","h_m":80,"min_h_m":0,"is_part":true}},{"type":"Feature","geometry":{"type":"Polygon","coordinates":[[[-73.9742257,40.7642021],[-73.9741927,40.7641884],[-73.9741636,40.7642301],[-73.9740454,40.764395],[-73.974016,40.764436],[-73.9740478,40.7644491],[-73.9740771,40.7644084],[-73.9741959,40.7642434],[-73.9742257,40.7642021]]]},"properties":{"id":"plaza-hotel","h_m":80,"min_h_m":0,"is_part":true}},{"type":"Feature","geometry":{"type":"Polygon","coordinates":[[[-73.9744809,40.7647338],[-73.9745263,40.7647529],[-73.9745519,40.7647469],[-73.9745691,40.7647229],[-73.9745077,40.7646975],[-73.9741562,40.7645524],[-73.9740943,40.7645268],[-73.9740769,40.764551],[-73.9740832,40.7645669],[-73.9741314,40.7645871],[-73.9744809,40.7647338]]]},"properties":{"id":"plaza-hotel","h_m":80,"min_h_m":0,"is_part":true}},{"type":"Feature","geometry":{"type":"Polygon","coordinates":[[[-73.9750376,40.7644461],[-73.9750672,40.7644068],[-73.9744561,40.7641548],[-73.9743558,40.7641145],[-73.974328,40.7641542],[-73.9744283,40.7641945],[-73.9749777,40.7644213],[-73.9750376,40.7644461]]]},"properties":{"id":"plaza-hotel","h_m":80,"min_h_m":0,"is_part":true}},{"type":"Feature","geometry":{"type":"Polygon","coordinates":[[[-73.9744544,40.7647697],[-73.9741055,40.7646232],[-73.9740091,40.7645827],[-73.9740354,40.7645468],[-73.9740832,40.7645669],[-73.9741314,40.7645871],[-73.9744809,40.7647338],[-73.9745263,40.7647529],[-73.9745773,40.7647743],[-73.974551,40.7648103],[-73.9744544,40.7647697]]]},"properties":{"id":"plaza-hotel","h_m":80,"min_h_m":0,"is_part":true}},{"type":"Feature","geometry":{"type":"Polygon","coordinates":[[[-73.9741181,40.7642113],[-73.9741628,40.7641489],[-73.9742084,40.7641676],[-73.9741636,40.7642301],[-73.9740454,40.764395],[-73.974016,40.764436],[-73.9740027,40.7644545],[-73.9739572,40.7644358],[-73.9740002,40.7643758],[-73.9740027,40.7643722],[-73.9741147,40.764216],[-73.9741181,40.7642113]]]},"properties":{"id":"plaza-hotel","h_m":80,"min_h_m":0,"is_part":true}},{"type":"Feature","geometry":{"type":"Polygon","coordinates":[[[-73.974636,40.7648454],[-73.9746897,40.7647676],[-73.974696,40.76476],[-73.9746434,40.7647385],[-73.9746177,40.7647741],[-73.974636,40.7648454]]]},"properties":{"id":"plaza-hotel","h_m":85,"min_h_m":0,"is_part":true}},{"type":"Feature","geometry":{"type":"Polygon","coordinates":[[[-73.9744544,40.7647697],[-73.9744809,40.7647338],[-73.9745077,40.7646975],[-73.9745162,40.764686],[-73.9745775,40.7647113],[-73.9745691,40.7647229],[-73.9745519,40.7647469],[-73.9745263,40.7647529],[-73.9744544,40.7647697]]]},"properties":{"id":"plaza-hotel","h_m":85,"min_h_m":0,"is_part":true}},{"type":"Feature","geometry":{"type":"Polygon","coordinates":[[[-73.9746177,40.7647741],[-73.974636,40.7648454],[-73.974551,40.7648103],[-73.9744544,40.7647697],[-73.9745263,40.7647529],[-73.9745519,40.7647469],[-73.9746177,40.7647741]]]},"properties":{"id":"plaza-hotel","h_m":85,"min_h_m":0,"is_part":true}},{"type":"Feature","geometry":{"type":"Polygon","coordinates":[[[-73.974463,40.7641451],[-73.9744561,40.7641548],[-73.9744283,40.7641945],[-73.9743952,40.7642418],[-73.9743644,40.7642294],[-73.9743263,40.7642137],[-73.9743313,40.7642067],[-73.9743401,40.7641945],[-73.9743603,40.7641664],[-73.974463,40.7641451]]]},"properties":{"id":"plaza-hotel","h_m":85,"min_h_m":0,"is_part":true}},{"type":"Feature","geometry":{"type":"Polygon","coordinates":[[[-73.9741055,40.7646232],[-73.9741314,40.7645871],[-73.9741562,40.7645524],[-73.9741784,40.7645214],[-73.9741166,40.7644959],[-73.9741066,40.7645098],[-73.9741027,40.7645152],[-73.9740943,40.7645268],[-73.9740769,40.764551],[-73.9740832,40.7645669],[-73.9741055,40.7646232]]]},"properties":{"id":"plaza-hotel","h_m":85,"min_h_m":0,"is_part":true}},{"type":"Feature","geometry":{"type":"Polygon","coordinates":[[[-73.9739064,40.7645401],[-73.9740091,40.7645827],[-73.9741055,40.7646232],[-73.9740832,40.7645669],[-73.9740769,40.764551],[-73.9740072,40.7645222],[-73.9739064,40.7645401]]]},"properties":{"id":"plaza-hotel","h_m":85,"min_h_m":0,"is_part":true}},{"type":"Feature","geometry":{"type":"Polygon","coordinates":[[[-73.9740412,40.7645488],[-73.9740694,40.764509],[-73.9739826,40.7644722],[-73.9738957,40.7644887],[-73.9740412,40.7645488]]]},"properties":{"id":"plaza-hotel","h_m":85,"min_h_m":0,"is_part":true}},{"type":"Feature","geometry":{"type":"Polygon","coordinates":[[[-73.9741021,40.7642047],[-73.9741181,40.7642113],[-73.9741636,40.7642301],[-73.9741959,40.7642434],[-73.9742146,40.7642511],[-73.9742346,40.7642594],[-73.9742644,40.7642181],[-73.9742444,40.7642098],[-73.9742257,40.7642021],[-73.9741927,40.7641884],[-73.9741021,40.7642047]]]},"properties":{"id":"plaza-hotel","h_m":85,"min_h_m":0,"is_part":true}},{"type":"Feature","geometry":{"type":"Polygon","coordinates":[[[-73.9739823,40.7643682],[-73.9740002,40.7643758],[-73.9740454,40.764395],[-73.9740771,40.7644084],[-73.9741158,40.7644244],[-73.9740865,40.7644651],[-73.9740478,40.7644491],[-73.974016,40.764436],[-73.9740104,40.7644337],[-73.9739823,40.7643682]]]},"properties":{"id":"plaza-hotel","h_m":85,"min_h_m":0,"is_part":true}},{"type":"Feature","geometry":{"type":"Polygon","coordinates":[[[-73.9743379,40.7641362],[-73.9743041,40.7641811],[-73.9742671,40.7641657],[-73.9742224,40.7641472],[-73.9741947,40.7640759],[-73.9743379,40.7641362]]]},"properties":{"id":"plaza-hotel","h_m":85,"min_h_m":0,"is_part":true}},{"type":"Feature","geometry":{"type":"Polygon","coordinates":[[[-73.9742582,40.7640606],[-73.9742881,40.7641365],[-73.9743603,40.7641664],[-73.974463,40.7641451],[-73.9742582,40.7640606]]]},"properties":{"id":"plaza-hotel","h_m":85,"min_h_m":0,"is_part":true}},{"type":"Feature","geometry":{"type":"Polygon","coordinates":[[[-73.9739768,40.764443],[-73.9739301,40.7645071],[-73.9739064,40.7645401],[-73.9740072,40.7645222],[-73.9740293,40.7644915],[-73.9740443,40.7644713],[-73.9739768,40.764443]]]},"properties":{"id":"plaza-hotel","h_m":85,"min_h_m":0,"is_part":true}},{"type":"Feature","geometry":{"type":"Polygon","coordinates":[[[-73.9742518,40.7641866],[-73.9742671,40.7641657],[-73.9742881,40.7641365],[-73.9742582,40.7640606],[-73.9741855,40.7641593],[-73.9742518,40.7641866]]]},"properties":{"id":"plaza-hotel","h_m":85,"min_h_m":0,"is_part":true}},{"type":"Feature","geometry":{"type":"Polygon","coordinates":[[[-73.9739826,40.7644722],[-73.9738957,40.7644887],[-73.9739823,40.7643682],[-73.9740104,40.7644337],[-73.9739826,40.7644722]]]},"properties":{"id":"plaza-hotel","h_m":85,"min_h_m":0,"is_part":true}},{"type":"Feature","geometry":{"type":"Polygon","coordinates":[[[-73.9742224,40.7641472],[-73.9741947,40.7640759],[-73.9741021,40.7642047],[-73.9741927,40.7641884],[-73.9742224,40.7641472]]]},"properties":{"id":"plaza-hotel","h_m":85,"min_h_m":0,"is_part":true}},{"type":"Feature","geometry":{"type":"Polygon","coordinates":[[[-73.9748975,40.7646456],[-73.9747951,40.7646034],[-73.9747556,40.7646583],[-73.9746993,40.7647365],[-73.9746799,40.7647636],[-73.9746897,40.7647676],[-73.9747079,40.7647751],[-73.9746459,40.7648614],[-73.9744338,40.7647738],[-73.9744442,40.7647593],[-73.9741131,40.7646227],[-73.9741027,40.7646373],[-73.9738974,40.7645526],[-73.9739064,40.7645401],[-73.9739301,40.7645071],[-73.9738887,40.76449],[-73.9738971,40.7644783],[-73.9739711,40.7643753],[-73.9739801,40.7643629],[-73.9740027,40.7643722],[-73.9741147,40.764216],[-73.9740917,40.7642065],[-73.9741007,40.7641941],[-73.9741806,40.7640829],[-73.9741975,40.7640594],[-73.974245,40.764079],[-73.9742582,40.7640606],[-73.974463,40.7641451],[-73.9744561,40.7641548],[-73.9750672,40.7644068],[-73.9750376,40.7644461],[-73.9749899,40.7645123],[-73.974952,40.7645649],[-73.9748975,40.7646456]]]},"properties":{"id":"plaza-hotel","h_m":59,"min_h_m":0,"is_part":true}},{"type":"Feature","geometry":{"type":"Polygon","coordinates":[[[-73.974952,40.7645649],[-73.9748975,40.7646456],[-73.9748918,40.7646535],[-73.9747998,40.7646156],[-73.9747078,40.7645777],[-73.9746794,40.7646172],[-73.9745573,40.7645669],[-73.9743981,40.7645014],[-73.974367,40.7645447],[-73.9742095,40.7644798],[-73.9742139,40.7644724],[-73.9742131,40.7644634],[-73.9742102,40.7644569],[-73.9742013,40.7644505],[-73.9743219,40.7642826],[-73.9743312,40.764286],[-73.9743423,40.7642861],[-73.974355,40.764283],[-73.9743612,40.7642783],[-73.9744542,40.7643165],[-73.974513,40.7643408],[-73.9744892,40.7643738],[-73.974861,40.7645273],[-73.974952,40.7645649]]]},"properties":{"id":"plaza-hotel","h_m":20,"min_h_m":0,"is_part":true}},{"type":"Feature","geometry":{"type":"Polygon","coordinates":[[[-73.9745573,40.7645669],[-73.9745262,40.7646102],[-73.974367,40.7645447],[-73.9743981,40.7645014],[-73.9745573,40.7645669]]]},"properties":{"id":"plaza-hotel","h_m":88,"min_h_m":0,"is_part":true}},{"type":"Feature","geometry":{"type":"Polygon","coordinates":[[[-73.9744542,40.7643165],[-73.9744836,40.7642757],[-73.97445,40.7642618],[-73.9744327,40.7642858],[-73.9743488,40.7642511],[-73.9743644,40.7642294],[-73.9743263,40.7642137],[-73.9743313,40.7642067],[-73.9742704,40.7641816],[-73.9742488,40.7642116],[-73.9742644,40.7642181],[-73.9742346,40.7642594],[-73.9741158,40.7644244],[-73.9740865,40.7644651],[-73.9740709,40.7644587],[-73.9740507,40.7644867],[-73.9741066,40.7645098],[-73.9741166,40.7644959],[-73.9741784,40.7645214],[-73.9747098,40.7647408],[-73.974766,40.7646626],[-73.9746741,40.7646247],[-73.9746794,40.7646172],[-73.9745573,40.7645669],[-73.9743981,40.7645014],[-73.974367,40.7645447],[-73.9742095,40.7644798],[-73.9742139,40.7644724],[-73.9742131,40.7644634],[-73.9742102,40.7644569],[-73.9742013,40.7644505],[-73.9743219,40.7642826],[-73.9743312,40.764286],[-73.9743423,40.7642861],[-73.974355,40.764283],[-73.9743612,40.7642783],[-73.9744542,40.7643165]]]},"properties":{"id":"plaza-hotel","h_m":85,"min_h_m":0,"is_part":true}},{"type":"Feature","geometry":{"type":"Polygon","coordinates":[[[-73.9745775,40.7647113],[-73.9745162,40.764686],[-73.9741027,40.7645152],[-73.9741066,40.7645098],[-73.9741166,40.7644959],[-73.9741784,40.7645214],[-73.9747098,40.7647408],[-73.974696,40.76476],[-73.9746434,40.7647385],[-73.9745775,40.7647113]]]},"properties":{"id":"plaza-hotel","h_m":85,"min_h_m":0,"is_part":true}},{"type":"Feature","geometry":{"type":"Polygon","coordinates":[[[-73.9741599,40.764464],[-73.9741537,40.7644726],[-73.9741745,40.7644812],[-73.9741585,40.7645034],[-73.9741377,40.7644948],[-73.9741293,40.7645065],[-73.9740942,40.7644919],[-73.9741247,40.7644495],[-73.9741599,40.764464]]]},"properties":{"id":"plaza-hotel","h_m":88,"min_h_m":0,"is_part":true}},{"type":"Feature","geometry":{"type":"Polygon","coordinates":[[[-73.9742444,40.7642098],[-73.9742488,40.7642116],[-73.9742644,40.7642181],[-73.9742346,40.7642594],[-73.9741158,40.7644244],[-73.9740865,40.7644651],[-73.9740709,40.7644587],[-73.9740665,40.7644568],[-73.9742146,40.7642511],[-73.9742444,40.7642098]]]},"properties":{"id":"plaza-hotel","h_m":85,"min_h_m":0,"is_part":true}},{"type":"Feature","geometry":{"type":"Polygon","coordinates":[[[-73.9743644,40.7642294],[-73.9743263,40.7642137],[-73.9743313,40.7642067],[-73.9743401,40.7641945],[-73.9749574,40.7644495],[-73.9749521,40.7644568],[-73.9749257,40.7644459],[-73.9749036,40.7644766],[-73.9748694,40.7644625],[-73.9748823,40.7644446],[-73.9748198,40.7644188],[-73.9748222,40.7644154],[-73.9747779,40.7643971],[-73.9747625,40.7644184],[-73.9746512,40.7643724],[-73.9746668,40.7643509],[-73.9746051,40.7643254],[-73.9746088,40.7643202],[-73.9745463,40.7642944],[-73.9745424,40.7642999],[-73.9744836,40.7642757],[-73.97445,40.7642618],[-73.9744605,40.7642473],[-73.9743765,40.7642126],[-73.9743644,40.7642294]]]},"properties":{"id":"plaza-hotel","h_m":82,"min_h_m":0,"is_part":true}},{"type":"Feature","geometry":{"type":"Polygon","coordinates":[[[-73.9748694,40.7644625],[-73.9748358,40.7645092],[-73.9747733,40.7644834],[-73.9748069,40.7644367],[-73.9748198,40.7644188],[-73.9748823,40.7644446],[-73.9748694,40.7644625]]]},"properties":{"id":"plaza-hotel","h_m":86,"min_h_m":0,"is_part":true}},{"type":"Feature","geometry":{"type":"Polygon","coordinates":[[[-73.9748069,40.7644367],[-73.9747733,40.7644834],[-73.9747289,40.764465],[-73.9747625,40.7644184],[-73.9747779,40.7643971],[-73.9748222,40.7644154],[-73.9748198,40.7644188],[-73.9748069,40.7644367]]]},"properties":{"id":"plaza-hotel","h_m":87,"min_h_m":0,"is_part":true}},{"type":"Feature","geometry":{"type":"Polygon","coordinates":[[[-73.9749036,40.7644766],[-73.9749257,40.7644459],[-73.9749521,40.7644568],[-73.97493,40.7644875],[-73.9749036,40.7644766]]]},"properties":{"id":"plaza-hotel","h_m":85,"min_h_m":0,"is_part":true}},{"type":"Feature","geometry":{"type":"Polygon","coordinates":[[[-73.9749899,40.7645123],[-73.97493,40.7644875],[-73.9749036,40.7644766],[-73.9748694,40.7644625],[-73.9748069,40.7644367],[-73.9747625,40.7644184],[-73.9746512,40.7643724],[-73.9746668,40.7643509],[-73.9746051,40.7643254],[-73.9745754,40.7643666],[-73.9745198,40.7643436],[-73.9745003,40.7643706],[-73.9747289,40.764465],[-73.9747733,40.7644834],[-73.9748358,40.7645092],[-73.9748653,40.7645214],[-73.974861,40.7645273],[-73.974952,40.7645649],[-73.9749899,40.7645123]]]},"properties":{"id":"plaza-hotel","h_m":85,"min_h_m":0,"is_part":true}},{"type":"Feature","geometry":{"type":"Polygon","coordinates":[[[-73.9745424,40.7642999],[-73.9745463,40.7642944],[-73.9746088,40.7643202],[-73.9746051,40.7643254],[-73.9745754,40.7643666],[-73.9745198,40.7643436],[-73.974513,40.7643408],[-73.9745424,40.7642999]]]},"properties":{"id":"plaza-hotel","h_m":89,"min_h_m":0,"is_part":true}},{"type":"Feature","geometry":{"type":"Polygon","coordinates":[[[-73.974513,40.7643408],[-73.9745198,40.7643436],[-73.9745003,40.7643706],[-73.9747289,40.764465],[-73.9747733,40.7644834],[-73.9748358,40.7645092],[-73.9748653,40.7645214],[-73.974861,40.7645273],[-73.9744892,40.7643738],[-73.974513,40.7643408]]]},"properties":{"id":"plaza-hotel","h_m":92,"min_h_m":0,"is_part":true}},{"type":"Feature","geometry":{"type":"Polygon","coordinates":[[[-73.9744327,40.7642858],[-73.9743488,40.7642511],[-73.9743644,40.7642294],[-73.9743765,40.7642126],[-73.9744605,40.7642473],[-73.97445,40.7642618],[-73.9744327,40.7642858]]]},"properties":{"id":"plaza-hotel","h_m":91,"min_h_m":0,"is_part":true}},{"type":"Feature","geometry":{"type":"Polygon","coordinates":[[[-73.974513,40.7643408],[-73.9744542,40.7643165],[-73.9744836,40.7642757],[-73.9745424,40.7642999],[-73.974513,40.7643408]]]},"properties":{"id":"plaza-hotel","h_m":95,"min_h_m":0,"is_part":true}},{"type":"Feature","geometry":{"type":"Polygon","coordinates":[[[-73.9750376,40.7644461],[-73.9749777,40.7644213],[-73.9749574,40.7644495],[-73.9749521,40.7644568],[-73.97493,40.7644875],[-73.9749899,40.7645123],[-73.9750376,40.7644461]]]},"properties":{"id":"plaza-hotel","h_m":82,"min_h_m":0,"is_part":true}},{"type":"Feature","geometry":{"type":"Polygon","coordinates":[[[-73.974766,40.7646626],[-73.9746741,40.7646247],[-73.9746794,40.7646172],[-73.9747078,40.7645777],[-73.9747998,40.7646156],[-73.974766,40.7646626]]]},"properties":{"id":"plaza-hotel","h_m":87,"min_h_m":0,"is_part":true}},{"type":"Feature","geometry":{"type":"Polygon","coordinates":[[[-73.9743603,40.7641664],[-73.9744283,40.7641945],[-73.9749777,40.7644213],[-73.9749574,40.7644495],[-73.9743401,40.7641945],[-73.9743603,40.7641664]]]},"properties":{"id":"plaza-hotel","h_m":81,"min_h_m":0,"is_part":true}},{"type":"Feature","geometry":{"type":"Polygon","coordinates":[[[-73.9742257,40.7642021],[-73.9741959,40.7642434],[-73.9740771,40.7644084],[-73.9740478,40.7644491],[-73.9740665,40.7644568],[-73.9742146,40.7642511],[-73.9742444,40.7642098],[-73.9742257,40.7642021]]]},"properties":{"id":"plaza-hotel","h_m":82,"min_h_m":0,"is_part":true}},{"type":"Feature","geometry":{"type":"Polygon","coordinates":[[[-73.9745691,40.7647229],[-73.9745077,40.7646975],[-73.9741562,40.7645524],[-73.9740943,40.7645268],[-73.9741027,40.7645152],[-73.9745162,40.764686],[-73.9745775,40.7647113],[-73.9745691,40.7647229]]]},"properties":{"id":"plaza-hotel","h_m":82,"min_h_m":0,"is_part":true}},{"type":"Feature","geometry":{"type":"Polygon","coordinates":[[[-73.9742425,40.764053],[-73.9742271,40.7640474],[-73.9742104,40.7640498],[-73.9742059,40.7640522],[-73.9741976,40.7640617],[-73.9741973,40.7640732],[-73.974205,40.764083],[-73.9742185,40.7640881],[-73.9742336,40.7640871],[-73.9742455,40.7640801],[-73.9742508,40.7640694],[-73.9742477,40.7640582],[-73.9742425,40.764053]]]},"properties":{"id":"plaza-hotel","h_m":77,"min_h_m":0,"is_part":true}},{"type":"Feature","geometry":{"type":"Polygon","coordinates":[[[-73.9739153,40.7645044],[-73.9739029,40.7644994],[-73.9738889,40.7644998],[-73.9738836,40.7645014],[-73.9738722,40.7645103],[-73.9738696,40.7645227],[-73.9738769,40.7645341],[-73.973892,40.7645402],[-73.9739059,40.7645393],[-73.9739175,40.7645333],[-73.9739236,40.7645238],[-73.9739228,40.7645133],[-73.9739153,40.7645044]]]},"properties":{"id":"plaza-hotel","h_m":77,"min_h_m":0,"is_part":true}},{"type":"Feature","geometry":{"type":"Polygon","coordinates":[[[-73.9743603,40.7641664],[-73.9742881,40.7641365],[-73.9742671,40.7641657],[-73.9742224,40.7641472],[-73.9741927,40.7641884],[-73.9742257,40.7642021],[-73.9742444,40.7642098],[-73.9742488,40.7642116],[-73.9742704,40.7641816],[-73.9743313,40.7642067],[-73.9743401,40.7641945],[-73.9743603,40.7641664]]]},"properties":{"id":"plaza-hotel","h_m":85,"min_h_m":0,"is_part":true}},{"type":"Feature","geometry":{"type":"Polygon","coordinates":[[[-73.9741027,40.7645152],[-73.9741066,40.7645098],[-73.9740507,40.7644867],[-73.9740709,40.7644587],[-73.9740665,40.7644568],[-73.9740478,40.7644491],[-73.974016,40.764436],[-73.9740104,40.7644337],[-73.9739826,40.7644722],[-73.9740293,40.7644915],[-73.9740072,40.7645222],[-73.9740769,40.764551],[-73.9740943,40.7645268],[-73.9741027,40.7645152]]]},"properties":{"id":"plaza-hotel","h_m":85,"min_h_m":0,"is_part":true}},{"type":"Feature","geometry":{"type":"Polygon","coordinates":[[[-73.9746434,40.7647385],[-73.9745775,40.7647113],[-73.9745691,40.7647229],[-73.9745519,40.7647469],[-73.9746177,40.7647741],[-73.9746434,40.7647385]]]},"properties":{"id":"plaza-hotel","h_m":85,"min_h_m":0,"is_part":true}},{"type":"Feature","geometry":{"type":"Polygon","coordinates":[[[-73.9907733,40.7196241],[-73.9907405,40.7196886],[-73.9904457,40.7196019],[-73.9904785,40.7195374],[-73.9907733,40.7196241]]]},"properties":{"id":"tenement-museum","h_m":25.3,"min_h_m":0,"is_part":false}},{"type":"Feature","geometry":{"type":"Polygon","coordinates":[[[-73.9906738,40.7198193],[-73.9906822,40.7198026],[-73.9906641,40.7197973],[-73.9906995,40.7197276],[-73.9906842,40.7197231],[-73.9907022,40.7196877],[-73.9907359,40.7196977],[-73.9907405,40.7196886],[-73.9907733,40.7196241],[-73.9908026,40.7195662],[-73.9908695,40.7195859],[-73.9908074,40.7197082],[-73.9910336,40.7197817],[-73.9909703,40.7199064],[-73.9907131,40.7198308],[-73.9906738,40.7198193]]]},"properties":{"id":"tenement-museum","h_m":21.6,"min_h_m":0,"is_part":false}},{"type":"Feature","geometry":{"type":"Polygon","coordinates":[[[-73.9902015,40.7194848],[-73.9902725,40.7195059],[-73.9902125,40.7196213],[-73.9901415,40.7196002],[-73.9902015,40.7194848]]]},"properties":{"id":"tenement-museum","h_m":5.3,"min_h_m":0,"is_part":false}},{"type":"Feature","geometry":{"type":"Polygon","coordinates":[[[-73.9905103,40.7194747],[-73.9908051,40.7195614],[-73.9908026,40.7195662],[-73.9907733,40.7196241],[-73.9904785,40.7195374],[-73.9905103,40.7194747]]]},"properties":{"id":"tenement-museum","h_m":13.6,"min_h_m":0,"is_part":false}},{"type":"Feature","geometry":{"type":"Polygon","coordinates":[[[-73.9897541,40.719244],[-73.9900456,40.7193301],[-73.9899761,40.7194665],[-73.9896845,40.7193804],[-73.9897541,40.719244]]]},"properties":{"id":"tenement-museum","h_m":19.5,"min_h_m":0,"is_part":false}},{"type":"Feature","geometry":{"type":"Polygon","coordinates":[[[-73.9907711,40.7189586],[-73.990805,40.7188937],[-73.9910114,40.7189561],[-73.9909775,40.719021],[-73.9909397,40.7190096],[-73.990853,40.7189834],[-73.9907711,40.7189586]]]},"properties":{"id":"tenement-museum","h_m":17.4,"min_h_m":0,"is_part":false}},{"type":"Feature","geometry":{"type":"Polygon","coordinates":[[[-73.9909013,40.7190613],[-73.9908298,40.7190397],[-73.9908194,40.7190477],[-73.9907375,40.719023],[-73.9907711,40.7189586],[-73.990853,40.7189834],[-73.9908539,40.7189915],[-73.9909263,40.7190134],[-73.9909397,40.7190096],[-73.9909775,40.719021],[-73.9910164,40.7190327],[-73.9910034,40.7190575],[-73.9910601,40.7190747],[-73.9910394,40.7191142],[-73.9909043,40.7190733],[-73.9909013,40.7190613]]]},"properties":{"id":"tenement-museum","h_m":17.4,"min_h_m":0,"is_part":false}},{"type":"Feature","geometry":{"type":"Polygon","coordinates":[[[-73.9912566,40.7188798],[-73.991288,40.7188197],[-73.991347,40.7188376],[-73.9914278,40.718862],[-73.9914959,40.7188825],[-73.9914645,40.7189426],[-73.9913937,40.7189212],[-73.9912747,40.7188853],[-73.9912566,40.7188798]]]},"properties":{"id":"tenement-museum","h_m":16.3,"min_h_m":0,"is_part":false}},{"type":"Feature","geometry":{"type":"Polygon","coordinates":[[[-73.9913544,40.7189778],[-73.9913226,40.7189682],[-73.9913288,40.7189563],[-73.9912923,40.7189452],[-73.9912857,40.7189579],[-73.9912498,40.718947],[-73.9912382,40.7189517],[-73.9911953,40.7189387],[-73.991174,40.7189323],[-73.9912089,40.7188654],[-73.9912566,40.7188798],[-73.9912747,40.7188853],[-73.9912752,40.7188983],[-73.9913111,40.7189092],[-73.9913069,40.7189172],[-73.9913435,40.7189283],[-73.9913477,40.7189202],[-73.9913794,40.7189298],[-73.9913937,40.7189212],[-73.9914645,40.7189426],[-73.9914296,40.7190095],[-73.9913588,40.7189881],[-73.9913544,40.7189778]]]},"properties":{"id":"tenement-museum","h_m":16.9,"min_h_m":0,"is_part":false}},{"type":"Feature","geometry":{"type":"Polygon","coordinates":[[[-73.9911615,40.7190033],[-73.9911953,40.7189387],[-73.9912382,40.7189517],[-73.9913588,40.7189881],[-73.9914296,40.7190095],[-73.9913959,40.7190741],[-73.9912101,40.719018],[-73.9911615,40.7190033]]]},"properties":{"id":"tenement-museum","h_m":17.4,"min_h_m":0,"is_part":false}},{"type":"Feature","geometry":{"type":"Polygon","coordinates":[[[-73.9911771,40.7190813],[-73.9912101,40.719018],[-73.9913959,40.7190741],[-73.9913628,40.7191374],[-73.9912863,40.7191143],[-73.9911819,40.7190828],[-73.9911771,40.7190813]]]},"properties":{"id":"tenement-museum","h_m":17.1,"min_h_m":0,"is_part":false}},{"type":"Feature","geometry":{"type":"Polygon","coordinates":[[[-73.9911158,40.7184662],[-73.991187,40.7184877],[-73.9911549,40.7185492],[-73.9911416,40.7185452],[-73.9911136,40.7185989],[-73.9911207,40.718601],[-73.9910922,40.7186555],[-73.9910875,40.7186645],[-73.9910226,40.7186449],[-73.9911158,40.7184662]]]},"properties":{"id":"tenement-museum","h_m":17.3,"min_h_m":0,"is_part":false}},{"type":"Feature","geometry":{"type":"Polygon","coordinates":[[[-73.9911207,40.718601],[-73.9911136,40.7185989],[-73.9911416,40.7185452],[-73.9911549,40.7185492],[-73.991187,40.7184877],[-73.9912545,40.7185081],[-73.9912228,40.7185688],[-73.991166,40.7186778],[-73.9910922,40.7186555],[-73.9911207,40.718601]]]},"properties":{"id":"tenement-museum","h_m":9.6,"min_h_m":0,"is_part":false}},{"type":"Feature","geometry":{"type":"Polygon","coordinates":[[[-73.9914094,40.7185549],[-73.9914822,40.7185769],[-73.9914511,40.7186366],[-73.99141,40.7187154],[-73.9913371,40.7186934],[-73.9913768,40.7186173],[-73.9914094,40.7185549]]]},"properties":{"id":"tenement-museum","h_m":15.6,"min_h_m":0,"is_part":false}},{"type":"Feature","geometry":{"type":"Polygon","coordinates":[[[-73.9913998,40.7187362],[-73.9914135,40.7187333],[-73.9914263,40.7187089],[-73.9914364,40.7187067],[-73.9914516,40.7186775],[-73.991446,40.718671],[-73.991459,40.7186462],[-73.9914511,40.7186366],[-73.9914822,40.7185769],[-73.9915637,40.7186015],[-73.9915328,40.7186607],[-73.991519,40.7186646],[-73.9915052,40.7186911],[-73.9914943,40.7186945],[-73.9914823,40.7187175],[-73.9914871,40.7187257],[-73.9914732,40.7187523],[-73.991481,40.7187599],[-73.991478,40.7187656],[-73.991467,40.7187868],[-73.9914278,40.718862],[-73.991347,40.7188376],[-73.9913998,40.7187362]]]},"properties":{"id":"tenement-museum","h_m":21,"min_h_m":0,"is_part":false}},{"type":"Feature","geometry":{"type":"Polygon","coordinates":[[[-73.9909057,40.7187006],[-73.9909406,40.7186339],[-73.9912259,40.7187201],[-73.9911911,40.7187868],[-73.9911259,40.7187671],[-73.9909057,40.7187006]]]},"properties":{"id":"tenement-museum","h_m":16.9,"min_h_m":0,"is_part":false}},{"type":"Feature","geometry":{"type":"Polygon","coordinates":[[[-73.9908716,40.718766],[-73.9909057,40.7187006],[-73.9911259,40.7187671],[-73.9910918,40.7188325],[-73.9910554,40.7188215],[-73.9909444,40.718788],[-73.9908716,40.718766]]]},"properties":{"id":"tenement-museum","h_m":16.9,"min_h_m":0,"is_part":false}},{"type":"Feature","geometry":{"type":"Polygon","coordinates":[[[-73.9910254,40.7188867],[-73.9910187,40.7188739],[-73.9909901,40.7188653],[-73.9909958,40.7188542],[-73.9909592,40.7188431],[-73.9909534,40.7188542],[-73.9909248,40.7188455],[-73.9909084,40.7188513],[-73.9908382,40.7188301],[-73.9908716,40.718766],[-73.9909444,40.718788],[-73.9909477,40.7187973],[-73.9909783,40.7188066],[-73.9909736,40.7188156],[-73.9910102,40.7188267],[-73.9910152,40.718817],[-73.9910456,40.7188262],[-73.9910554,40.7188215],[-73.9910918,40.7188325],[-73.9911274,40.7188433],[-73.991094,40.7189074],[-73.9910632,40.7188981],[-73.9910254,40.7188867]]]},"properties":{"id":"tenement-museum","h_m":17,"min_h_m":0,"is_part":false}},{"type":"Feature","geometry":{"type":"Polygon","coordinates":[[[-73.990805,40.7188937],[-73.9908382,40.7188301],[-73.9909084,40.7188513],[-73.9910254,40.7188867],[-73.9910632,40.7188981],[-73.99103,40.7189617],[-73.9910114,40.7189561],[-73.990805,40.7188937]]]},"properties":{"id":"tenement-museum","h_m":17.4,"min_h_m":0,"is_part":false}},{"type":"Feature","geometry":{"type":"Polygon","coordinates":[[[-73.991467,40.7187868],[-73.9914918,40.7187943],[-73.9914961,40.718786],[-73.991486,40.718783],[-73.9914928,40.7187701],[-73.991478,40.7187656],[-73.991481,40.7187599],[-73.9915035,40.7187168],[-73.9915143,40.7187201],[-73.9915434,40.7186644],[-73.9915328,40.7186607],[-73.9915637,40.7186015],[-73.9916318,40.7186221],[-73.9914959,40.7188825],[-73.9914278,40.718862],[-73.991467,40.7187868]]]},"properties":{"id":"tenement-museum","h_m":21.6,"min_h_m":0,"is_part":false}},{"type":"Feature","geometry":{"type":"Polygon","coordinates":[[[-73.9910601,40.7190747],[-73.9910883,40.7190832],[-73.9911013,40.7190584],[-73.9911771,40.7190813],[-73.9911819,40.7190828],[-73.9911693,40.7191069],[-73.9911556,40.7191074],[-73.9911629,40.7191252],[-73.9912696,40.7191523],[-73.9912866,40.719139],[-73.9912752,40.7191356],[-73.9912863,40.7191143],[-73.9913628,40.7191374],[-73.9912982,40.7192612],[-73.9910084,40.7191737],[-73.9910394,40.7191142],[-73.9910601,40.7190747]]]},"properties":{"id":"tenement-museum","h_m":20.4,"min_h_m":0,"is_part":false}},{"type":"Feature","geometry":{"type":"Polygon","coordinates":[[[-73.9912545,40.7185081],[-73.9914094,40.7185549],[-73.9913768,40.7186173],[-73.9913481,40.7186086],[-73.9913511,40.7186027],[-73.9913313,40.7186024],[-73.9912971,40.7186678],[-73.9913237,40.7186758],[-73.9913176,40.7186875],[-73.9913371,40.7186934],[-73.9912928,40.7187782],[-73.9912226,40.718757],[-73.9912581,40.7186889],[-73.9911973,40.7186705],[-73.9912352,40.7185978],[-73.9912584,40.7186048],[-73.9912698,40.718583],[-73.9912228,40.7185688],[-73.9912545,40.7185081]]]},"properties":{"id":"tenement-museum","h_m":21,"min_h_m":0,"is_part":false}},{"type":"Feature","geometry":{"type":"Polygon","coordinates":[[[-73.9910226,40.7186449],[-73.9909468,40.718622],[-73.99104,40.7184433],[-73.9911158,40.7184662],[-73.9910226,40.7186449]]]},"properties":{"id":"tenement-museum","h_m":17,"min_h_m":0,"is_part":false}},{"type":"Feature","geometry":{"type":"Polygon","coordinates":[[[-73.9910394,40.7191142],[-73.9910084,40.7191737],[-73.9907065,40.7190825],[-73.9907375,40.719023],[-73.9908194,40.7190477],[-73.9909043,40.7190733],[-73.9910394,40.7191142]]]},"properties":{"id":"tenement-museum","h_m":22.4,"min_h_m":0,"is_part":false}},{"type":"Feature","geometry":{"type":"Polygon","coordinates":[[[-73.9896055,40.7184938],[-73.9896569,40.7185095],[-73.9898967,40.718583],[-73.9898615,40.7186496],[-73.9895703,40.7185603],[-73.9896055,40.7184938]]]},"properties":{"id":"tenement-museum","h_m":29.2,"min_h_m":0,"is_part":false}},{"type":"Feature","geometry":{"type":"Polygon","coordinates":[[[-73.9902168,40.7187138],[-73.9902372,40.7187199],[-73.9903452,40.7187521],[-73.9902466,40.7189432],[-73.9901181,40.7189048],[-73.9902061,40.7187344],[-73.9902168,40.7187138]]]},"properties":{"id":"tenement-museum","h_m":27,"min_h_m":0,"is_part":false}},{"type":"Feature","geometry":{"type":"Polygon","coordinates":[[[-73.9903542,40.7182356],[-73.990435,40.7182597],[-73.9903752,40.7183756],[-73.9903718,40.7183821],[-73.990291,40.718358],[-73.9903542,40.7182356]]]},"properties":{"id":"tenement-museum","h_m":18.4,"min_h_m":0,"is_part":false}},{"type":"Feature","geometry":{"type":"Polygon","coordinates":[[[-73.990435,40.7182597],[-73.9905013,40.7182796],[-73.9904415,40.7183954],[-73.9903752,40.7183756],[-73.990435,40.7182597]]]},"properties":{"id":"tenement-museum","h_m":18.1,"min_h_m":0,"is_part":false}},{"type":"Feature","geometry":{"type":"Polygon","coordinates":[[[-73.9902123,40.7183587],[-73.9902802,40.718379],[-73.9903624,40.7184036],[-73.9903371,40.7184526],[-73.990187,40.7184077],[-73.9902123,40.7183587]]]},"properties":{"id":"tenement-museum","h_m":18,"min_h_m":0,"is_part":false}},{"type":"Feature","geometry":{"type":"Polygon","coordinates":[[[-73.9896754,40.7183597],[-73.989704,40.7183057],[-73.9899962,40.7183952],[-73.9899676,40.7184492],[-73.9897398,40.7183794],[-73.9896754,40.7183597]]]},"properties":{"id":"tenement-museum","h_m":17.4,"min_h_m":0,"is_part":false}},{"type":"Feature","geometry":{"type":"Polygon","coordinates":[[[-73.9897398,40.7183794],[-73.9899676,40.7184492],[-73.9899322,40.7185161],[-73.9897044,40.7184463],[-73.9897398,40.7183794]]]},"properties":{"id":"tenement-museum","h_m":17.4,"min_h_m":0,"is_part":false}},{"type":"Feature","geometry":{"type":"Polygon","coordinates":[[[-73.9901544,40.7184709],[-73.9904326,40.718554],[-73.9904214,40.7185757],[-73.9903677,40.7185596],[-73.9903452,40.7186033],[-73.9901207,40.7185362],[-73.9901544,40.7184709]]]},"properties":{"id":"tenement-museum","h_m":16.9,"min_h_m":0,"is_part":false}},{"type":"Feature","geometry":{"type":"Polygon","coordinates":[[[-73.9896923,40.7184426],[-73.9897044,40.7184463],[-73.9899322,40.7185161],[-73.9898967,40.718583],[-73.9896569,40.7185095],[-73.9896923,40.7184426]]]},"properties":{"id":"tenement-museum","h_m":17.2,"min_h_m":0,"is_part":false}},{"type":"Feature","geometry":{"type":"Polygon","coordinates":[[[-73.9899345,40.7182888],[-73.9899508,40.7182887],[-73.9899693,40.7182536],[-73.9899743,40.7182551],[-73.989984,40.7182369],[-73.9899758,40.7182344],[-73.9899932,40.7182015],[-73.9899861,40.7181917],[-73.9899897,40.7181853],[-73.9900163,40.7181351],[-73.9901174,40.7181661],[-73.9900042,40.71838],[-73.9899031,40.718349],[-73.9899111,40.7183338],[-73.9899273,40.7183031],[-73.9899345,40.7182888]]]},"properties":{"id":"tenement-museum","h_m":21.2,"min_h_m":0,"is_part":false}},{"type":"Feature","geometry":{"type":"Polygon","coordinates":[[[-73.9902394,40.7187156],[-73.9902262,40.7187116],[-73.9902284,40.7187075],[-73.990136,40.7186799],[-73.9901342,40.7186834],[-73.9901269,40.7186812],[-73.9901243,40.7186861],[-73.9900541,40.7186651],[-73.9900877,40.7186],[-73.990158,40.718621],[-73.9901559,40.7186249],[-73.9901639,40.7186273],[-73.9901612,40.7186327],[-73.9902488,40.7186589],[-73.9902528,40.7186601],[-73.990255,40.7186559],[-73.9902634,40.7186584],[-73.9902661,40.7186533],[-73.9903788,40.718687],[-73.9903452,40.7187521],[-73.9902372,40.7187199],[-73.9902394,40.7187156]]]},"properties":{"id":"tenement-museum","h_m":20.8,"min_h_m":0,"is_part":false}},{"type":"Feature","geometry":{"type":"Polygon","coordinates":[[[-73.9895703,40.7185603],[-73.9898615,40.7186496],[-73.9897798,40.718804],[-73.9894885,40.7187148],[-73.9895703,40.7185603]]]},"properties":{"id":"tenement-museum","h_m":14.8,"min_h_m":0,"is_part":false}},{"type":"Feature","geometry":{"type":"Polygon","coordinates":[[[-73.9902863,40.7182153],[-73.9903542,40.7182356],[-73.990291,40.718358],[-73.9902802,40.718379],[-73.9902123,40.7183587],[-73.9902863,40.7182153]]]},"properties":{"id":"tenement-museum","h_m":18.4,"min_h_m":0,"is_part":false}},{"type":"Feature","geometry":{"type":"Polygon","coordinates":[[[-73.9905013,40.7182796],[-73.9905774,40.7183023],[-73.9905025,40.7184473],[-73.9904265,40.7184246],[-73.9904415,40.7183954],[-73.9905013,40.7182796]]]},"properties":{"id":"tenement-museum","h_m":16.8,"min_h_m":0,"is_part":false}},{"type":"Feature","geometry":{"type":"Polygon","coordinates":[[[-73.9901544,40.7184709],[-73.990187,40.7184077],[-73.9903371,40.7184526],[-73.9904781,40.7184947],[-73.9904455,40.7185578],[-73.9904326,40.718554],[-73.9901544,40.7184709]]]},"properties":{"id":"tenement-museum","h_m":15.8,"min_h_m":0,"is_part":false}},{"type":"Feature","geometry":{"type":"Polygon","coordinates":[[[-73.9900877,40.7186],[-73.9901207,40.7185362],[-73.9903452,40.7186033],[-73.9904118,40.7186231],[-73.9903788,40.718687],[-73.9902661,40.7186533],[-73.990158,40.718621],[-73.9900877,40.7186]]]},"properties":{"id":"tenement-museum","h_m":16.9,"min_h_m":0,"is_part":false}},{"type":"Feature","geometry":{"type":"Polygon","coordinates":[[[-73.9899761,40.7194665],[-73.9899466,40.7195238],[-73.9896551,40.7194377],[-73.9896845,40.7193804],[-73.9899761,40.7194665]]]},"properties":{"id":"tenement-museum","h_m":null,"min_h_m":0,"is_part":false}},{"type":"Feature","properties":{"id":"statue-liberty","name":"","h_m":12,"min_h_m":0,"is_part":true,"part":"fort"},"geometry":{"type":"Polygon","coordinates":[[[-74.0445,40.68901],[-74.04446,40.68914],[-74.04434,40.68905],[-74.04439,40.68917],[-74.04423,40.68915],[-74.04436,40.68922],[-74.04421,40.68927],[-74.04437,40.68928],[-74.04428,40.68939],[-74.04442,40.68933],[-74.04442,40.68946],[-74.0445,40.68935],[-74.04458,40.68946],[-74.04458,40.68933],[-74.04472,40.68939],[-74.04463,40.68928],[-74.04479,40.68927],[-74.04464,40.68922],[-74.04477,40.68915],[-74.04461,40.68917],[-74.04466,40.68905],[-74.04454,40.68914],[-74.0445,40.68901]]]}},{"type":"Feature","properties":{"id":"statue-liberty","name":"","h_m":39,"min_h_m":12,"is_part":true,"part":"pedestal"},"geometry":{"type":"Polygon","coordinates":[[[-74.04461,40.68916],[-74.04439,40.68916],[-74.04439,40.68932],[-74.04461,40.68932],[-74.04461,40.68916]]]}},{"type":"Feature","properties":{"id":"statue-liberty","name":"","h_m":45,"min_h_m":39,"is_part":true,"part":"plinth"},"geometry":{"type":"Polygon","coordinates":[[[-74.04455,40.68919],[-74.04443,40.68921],[-74.04445,40.68929],[-74.04457,40.68927],[-74.04455,40.68919]]]}},{"type":"Feature","properties":{"id":"statue-liberty","name":"","h_m":85,"min_h_m":45,"is_part":true,"part":"body"},"geometry":{"type":"Polygon","coordinates":[[[-74.04453,40.6892],[-74.04445,40.68922],[-74.04447,40.68928],[-74.04455,40.68926],[-74.04453,40.6892]]]}},{"type":"Feature","properties":{"id":"statue-liberty","name":"","h_m":93,"min_h_m":85,"is_part":true,"part":"crown"},"geometry":{"type":"Polygon","coordinates":[[[-74.04452,40.68921],[-74.04446,40.68922],[-74.04448,40.68927],[-74.04454,40.68926],[-74.04452,40.68921]]]}},{"type":"Feature","properties":{"id":"statue-liberty","name":"","h_m":93,"min_h_m":78,"is_part":true,"part":"torch"},"geometry":{"type":"Polygon","coordinates":[[[-74.04447,40.68924],[-74.04443,40.68924],[-74.04443,40.68927],[-74.04447,40.68927],[-74.04447,40.68924]]]}}]}